Player,Tm,Pos,Age,G,GS,MP,FG,FGA,3P,3PA,2P,2PA,FT,FTA,FT%,DRB,AST,TOV,PTS,PER,Predict_salario,Real_salario,Diferencia_%,Image_URL
Bam Adebayo,Miami Heat,P,25,51,51,1805,7,14,0,0,7,14,4,6,0.7692072665230233,8,3,2,19,29.103527573695757,5171243,32600060,"84,13731988671618",https://cdn.ssref.net/req/202312151/tlogo/bbr/MIA-2024.png
Santi Aldama,Memphis Grizzlies,AP,22,50,24,1286,3,8,1,4,2,4,0,1,0.6093137590662928,4,2,1,10,19.535386933719018,22139953,2194200,"-909,0216696204187",https://cdn.ssref.net/req/202312151/tlogo/bbr/MEM-2024.png
Grayson Allen,Phoenix Suns,ES,27,57,56,1923,4,8,2,5,1,2,1,1,0.8851300594291529,3,2,1,12,17.87870043130934,3642046,8500000,"57,15239032276571",https://cdn.ssref.net/req/202312151/tlogo/bbr/PHO-2024.png
Jarrett Allen,Cleveland Cavaliers,P,24,57,56,1806,6,10,0,0,6,10,2,4,0.7332312273452589,7,2,1,15,25.373895575422612,6911596,20000000,"65,4420177219834",https://cdn.ssref.net/req/202312151/tlogo/bbr/CLE-2024.png
Jose Alvarado,New Orleans Pelicans,BA,24,39,-1,652,2,5,1,3,1,2,0,0,0.6902598472162625,1,1,0,6,19.127489768816268,5290064,1836096,"-188,11479231303565",https://cdn.ssref.net/req/202312151/tlogo/bbr/NOP-2024.png
Kyle Anderson,Minnesota Timberwolves,AP,29,61,4,1336,2,4,0,0,2,4,1,1,0.7062491979619356,2,3,1,5,11.773993416857843,10229654,9219512,"-10,956576630459347",https://cdn.ssref.net/req/202312151/tlogo/bbr/MIN-2024.png
Cole Anthony,Orlando Magic,BA,22,62,-1,1404,3,9,0,3,2,5,2,2,0.8261693285544836,3,2,1,11,24.91251533280931,24795773,5539771,"-347,5956472580773",https://cdn.ssref.net/req/202312151/tlogo/bbr/ORL-2024.png
Deni Avdija,Washington Wizards,AL,22,59,58,1689,4,9,1,2,3,6,2,3,0.7412259027180954,5,3,1,13,23.339818191180534,3130797,6263188,"50,01272206350905",https://cdn.ssref.net/req/202312151/tlogo/bbr/WAS-2024.png
Deandre Ayton,Portland Trail Blazers,P,24,38,39,1254,6,11,0,0,6,11,0,1,0.8301666662409017,7,1,1,14,22.594688515382337,8829265,32459438,"72,79908199650643",https://cdn.ssref.net/req/202312151/tlogo/bbr/POR-2024.png
Patrick Baldwin Jr.,Washington Wizards,AL,20,14,-1,60,0,1,0,1,0,0,0,0,0.6672751555193577,1,0,0,2,17.184188842646105,3197123,2337720,"-36,76246230617941",https://cdn.ssref.net/req/202312151/tlogo/bbr/WAS-2024.png
LaMelo Ball,Charlotte Hornets,BA,21,17,20,640,8,19,3,8,5,10,3,4,0.8651433709970615,3,7,3,23,39.11476037934803,14057620,10900635,"-28,961479922439366",https://cdn.ssref.net/req/202312151/tlogo/bbr/CHO-2024.png
Mo Bamba,Philadelphia 76ers,P,24,38,2,376,1,2,0,0,1,2,0,0,0.6362957884496161,2,0,0,3,16.044760450684663,10458555,2346614,"-345,6870932488575",https://cdn.ssref.net/req/202312151/tlogo/bbr/PHI-2024.png
Paolo Banchero,Orlando Magic,AP,20,61,60,2143,8,17,1,3,6,13,4,6,0.7062491979619356,5,5,3,22,33.65977347048372,3154837,11608080,"72,82205649819448",https://cdn.ssref.net/req/202312151/tlogo/bbr/ORL-2024.png
Desmond Bane,Memphis Grizzlies,ES,24,33,35,1227,8,18,3,8,5,9,3,3,0.864144036575457,3,5,2,24,36.72967623870372,32182192,3845083,"-736,9700347916165",https://cdn.ssref.net/req/202312151/tlogo/bbr/MEM-2024.png
Dominick Barlow,San Antonio Spurs,AP,19,21,0,265,1,3,0,0,1,3,0,1,0.6752698308921942,1,1,0,4,17.341196763080138,2983022,877065,"-240,11422217187643",https://cdn.ssref.net/req/202312151/tlogo/bbr/SAS-2024.png
Harrison Barnes,Sacramento Kings,AP,30,61,60,1785,4,8,1,4,2,3,1,2,0.8101799778088106,1,1,0,11,19.520274480907695,10235597,17000000,"39,790602521253795",https://cdn.ssref.net/req/202312151/tlogo/bbr/SAC-2024.png
Scottie Barnes,Toronto Raptors,ES,21,59,58,2074,7,15,1,4,5,10,3,4,0.7811992795822781,5,5,2,19,28.636210559408873,3260611,8008560,"59,285923360228644",https://cdn.ssref.net/req/202312151/tlogo/bbr/TOR-2024.png
Charles Bassey,San Antonio Spurs,P,22,13,-1,115,1,1,0,0,1,1,0,0,0.8331646695057154,2,0,0,2,14.635659162653592,3511663,2500000,"-40,46652290163899",https://cdn.ssref.net/req/202312151/tlogo/bbr/SAS-2024.png
Bradley Beal,Phoenix Suns,ES,29,31,33,1086,7,14,1,4,5,9,2,2,0.7851966172686964,3,4,2,18,28.41706699630045,2696985,46741590,"94,23000934679854",https://cdn.ssref.net/req/202312151/tlogo/bbr/PHO-2024.png
Malik Beasley,Milwaukee Bucks,ES,26,61,60,1806,3,8,2,6,1,2,0,0,0.6302997819199887,3,1,0,10,17.57704977092278,4363219,2709849,"-61,013365364822825",https://cdn.ssref.net/req/202312151/tlogo/bbr/MIL-2024.png
MarJon Beauchamp,Milwaukee Bucks,AL,22,42,0,513,1,2,0,1,0,1,0,0,0.6792671685786125,1,0,0,3,14.676109864913482,3143908,2609400,"-20,483979385121444",https://cdn.ssref.net/req/202312151/tlogo/bbr/MIL-2024.png
Saddiq Bey,Atlanta Hawks,AL,23,61,48,2013,4,10,1,5,2,5,2,3,0.8381613416137383,3,1,0,13,19.659744526370567,16968974,4556983,"-272,37301267010747",https://cdn.ssref.net/req/202312151/tlogo/bbr/ATL-2024.png
Goga Bitadze,Orlando Magic,P,23,50,31,842,2,3,0,0,2,3,0,1,0.6582811457249166,3,1,0,4,14.152420282598685,2877293,2066585,"-39,22937487392975",https://cdn.ssref.net/req/202312151/tlogo/bbr/ORL-2024.png
Onuralp Bitim,Chicago Bulls,ES,23,1,-1,2,0,2,0,2,0,0,0,0,0.7502199125125366,1,0,0,2,13.869673523662001,24994442,895708,"-2690,4677369749766",https://cdn.ssref.net/req/202312151/tlogo/bbr/CHI-2024.png
Anthony Black,Orlando Magic,BA,19,57,31,1019,1,3,0,1,1,2,0,1,0.6402931261360344,1,1,0,4,11.028789968434088,15418693,7245480,"-112,80431176879063",https://cdn.ssref.net/req/202312151/tlogo/bbr/ORL-2024.png
Bol Bol,Phoenix Suns,AP,23,21,-1,204,2,3,0,0,1,2,0,0,0.7002531914323082,2,0,0,5,25.417799120030423,28773453,2165000,"-1229,0278618884474",https://cdn.ssref.net/req/202312151/tlogo/bbr/PHO-2024.png
Devin Booker,Phoenix Suns,BA,26,48,48,1757,9,19,2,5,7,13,6,6,0.8801333873211301,3,6,2,27,40.28011407856913,3159634,36016200,"91,22718639521784",https://cdn.ssref.net/req/202312151/tlogo/bbr/PHO-2024.png
Chris Boucher,Toronto Raptors,AP,30,48,-1,634,1,3,0,1,1,2,1,1,0.772205269787837,2,0,0,5,22.122349180415764,30303685,11750000,"-157,9037102054855",https://cdn.ssref.net/req/202312151/tlogo/bbr/TOR-2024.png
James Bouknight,Charlotte Hornets,ES,22,8,-1,-12,1,2,0,1,0,0,0,0,0.5003863071113952,0,0,0,2,31.8306298979209,3270328,4570080,"28,440462131414275",https://cdn.ssref.net/req/202312151/tlogo/bbr/CHO-2024.png
Malaki Branham,San Antonio Spurs,BA,19,58,21,1176,3,7,1,3,2,4,0,0,0.9380947837741948,1,2,1,8,20.763779309678146,4467865,3071880,"-45,44400499233614",https://cdn.ssref.net/req/202312151/tlogo/bbr/SAS-2024.png
Christian Braun,Denver Nuggets,ES,21,64,0,1173,2,5,0,1,1,3,1,1,0.7062491979619356,2,1,0,6,16.348581820548063,37562963,2949120,"-1173,7007561762262",https://cdn.ssref.net/req/202312151/tlogo/bbr/DEN-2024.png
Mikal Bridges,Brooklyn Nets,AL,26,64,62,2251,7,16,2,6,4,9,3,4,0.8111793122304151,3,3,2,20,29.638565561970086,3812911,21700000,"82,42898138820325",https://cdn.ssref.net/req/202312151/tlogo/bbr/BRK-2024.png
Miles Bridges,Charlotte Hornets,AL,24,51,49,1961,8,17,2,6,5,10,2,2,0.8391606760353428,6,3,1,21,28.602405767847166,17469479,7921300,"-120,53803505914212",https://cdn.ssref.net/req/202312151/tlogo/bbr/CHO-2024.png
Oshae Brissett,Boston Celtics,AL,24,37,-1,345,1,2,0,0,0,1,0,1,0.6552831424601029,1,0,0,3,15.82654428000965,6079532,2165000,"-180,80979779656104",https://cdn.ssref.net/req/202312151/tlogo/bbr/BOS-2024.png
Malcolm Brogdon,Portland Trail Blazers,BA,30,36,23,1065,5,12,2,4,3,7,2,2,0.8191739876032516,2,5,1,15,27.413320348654707,8962507,22500000,"60,16663518051254",https://cdn.ssref.net/req/202312151/tlogo/bbr/POR-2024.png
Armoni Brooks,Brooklyn Nets,BA,24,3,-1,10,1,4,1,3,0,1,0,0,0.5003863071113952,0,0,0,3,19.881067861506946,3347586,241285,"-1287,3993695790862",https://cdn.ssref.net/req/202312151/tlogo/bbr/BRK-2024.png
Dillon Brooks,Houston Rockets,AL,27,52,52,1657,4,10,1,4,2,5,1,2,0.8291673318192971,2,1,1,12,19.43152354890197,3139562,22627671,"86,12511953075698",https://cdn.ssref.net/req/202312151/tlogo/bbr/HOU-2024.png
Jaylen Brown,Boston Celtics,AL,26,57,56,1912,8,17,1,5,6,11,2,4,0.705249863540331,4,3,2,22,35.14800585341167,22005325,31830357,"30,8668579957588",https://cdn.ssref.net/req/202312151/tlogo/bbr/BOS-2024.png
Kobe Brown,Los Angeles Clippers,AP,23,30,-1,198,0,1,0,0,0,0,0,0,0.5003863071113952,0,0,0,1,7.998448638368757,2915504,2413320,"-20,808855918379933",https://cdn.ssref.net/req/202312151/tlogo/bbr/LAC-2024.png
Moses Brown,Portland Trail Blazers,P,23,7,2,21,0,1,0,0,1,2,0,0,0.14362391859856538,2,0,0,1,13.295562957840225,3682593,2165000,"-70,09670211149657",https://cdn.ssref.net/req/202312151/tlogo/bbr/POR-2024.png
Jalen Brunson,New York Knicks,BA,26,57,56,2026,9,20,2,6,6,13,5,6,0.8461560169865748,2,6,2,26,40.19204102619028,19506574,26346666,"25,961887665856963",https://cdn.ssref.net/req/202312151/tlogo/bbr/NYK-2024.png
Thomas Bryant,Miami Heat,P,25,22,1,188,1,2,0,0,1,2,0,0,0.818174653181647,1,0,0,3,18.732841528324496,9880634,2528233,"-290,811848071727",https://cdn.ssref.net/req/202312151/tlogo/bbr/MIA-2024.png
Kobe Bufkin,Atlanta Hawks,ES,19,2,-1,-4,1,3,0,1,0,1,0,0,0.5003863071113952,1,1,0,3,18.761350035806604,20198277,4094280,"-393,3291643550377",https://cdn.ssref.net/req/202312151/tlogo/bbr/ATL-2024.png
Reggie Bullock,Houston Rockets,AL,31,21,-1,137,0,1,0,1,0,0,0,0,1.000053517913678,1,0,0,1,10.794105426043405,7319406,3196448,"-128,98563875671653",https://cdn.ssref.net/req/202312151/tlogo/bbr/HOU-2024.png
Jimmy Butler,Miami Heat,AP,33,41,42,1459,6,13,0,2,5,11,6,8,0.8521520235162022,3,4,1,21,32.568850379770915,7060664,45183960,"84,37351494277311",https://cdn.ssref.net/req/202312151/tlogo/bbr/MIA-2024.png
Toumani Camara,Portland Trail Blazers,AP,22,59,38,1404,2,5,0,2,1,3,1,1,0.7442239059829092,2,0,1,6,13.051249837630897,7443841,1119563,"-564,8881310840635",https://cdn.ssref.net/req/202312151/tlogo/bbr/POR-2024.png
Clint Capela,Atlanta Hawks,P,28,54,53,1344,4,7,0,0,4,8,1,2,0.6692738243625668,5,0,0,10,21.251422507392107,10798364,22116000,"51,17397216987134",https://cdn.ssref.net/req/202312151/tlogo/bbr/ATL-2024.png
Jevon Carter,Chicago Bulls,BA,27,60,-1,763,1,4,1,3,0,1,0,0,0.6003197492718517,0,1,0,4,16.199458894669537,40458213,6190476,"-553,5557779255622",https://cdn.ssref.net/req/202312151/tlogo/bbr/CHI-2024.png
Wendell Carter Jr.,Orlando Magic,P,23,33,29,906,4,7,1,2,2,4,1,2,0.7172418765995858,4,1,1,11,21.243466902782753,3784490,13050000,"71,0000741362417",https://cdn.ssref.net/req/202312151/tlogo/bbr/ORL-2024.png
Alex Caruso,Chicago Bulls,ES,28,54,40,1471,3,6,1,4,1,2,0,1,0.7762026074742553,2,2,1,9,15.691173215600498,34390786,9460000,"-263,53897426917837",https://cdn.ssref.net/req/202312151/tlogo/bbr/CHI-2024.png
Julian Champagnie,San Antonio Spurs,AL,21,55,39,892,1,4,1,3,0,1,0,0,0.8281679973976926,1,1,0,5,15.548019570242808,4867197,3000000,"-62,23990619273033",https://cdn.ssref.net/req/202312151/tlogo/bbr/SAS-2024.png
Max Christie,Los Angeles Lakers,ES,19,49,5,748,1,3,0,1,0,1,0,0,0.786195951690301,1,0,0,4,12.607987104978132,32965973,1719864,"-1816,7779420180243",https://cdn.ssref.net/req/202312151/tlogo/bbr/LAL-2024.png
Sidy Cissoko,San Antonio Spurs,AL,18,0,-1,-63,0,0,0,0,0,0,0,0,1.000053517913678,0,0,0,0,8.494245337427861,3673048,1119563,"-228,07876246427924",https://cdn.ssref.net/req/202312151/tlogo/bbr/SAS-2024.png
Jordan Clarkson,Utah Jazz,ES,30,51,17,1578,6,14,1,5,4,8,3,3,0.8831313905859437,2,4,2,16,28.402209809742235,3183257,23487629,"86,447087953466",https://cdn.ssref.net/req/202312151/tlogo/bbr/UTA-2024.png
Noah Clowney,Brooklyn Nets,AP,18,1,-1,-15,1,1,0,0,1,1,0,0,1.000053517913678,0,0,0,2,18.629836084015892,2900495,3089520,"6,118246775330608",https://cdn.ssref.net/req/202312151/tlogo/bbr/BRK-2024.png
Amir Coffey,Los Angeles Clippers,AL,25,48,7,873,1,3,0,1,1,1,0,0,0.8821320561643392,1,0,0,5,13.673913979313916,13575488,3666667,"-270,240571283081",https://cdn.ssref.net/req/202312151/tlogo/bbr/LAC-2024.png
John Collins,Utah Jazz,AP,25,59,56,1660,5,10,1,3,4,7,1,2,0.7762026074742553,6,1,1,14,25.624434492556283,5981787,25340000,"76,3938929387423",https://cdn.ssref.net/req/202312151/tlogo/bbr/UTA-2024.png
Zach Collins,San Antonio Spurs,P,25,50,24,1156,4,8,0,2,3,6,1,2,0.7362292306100726,3,2,1,10,24.04775341163456,6596378,7700000,"14,332741245648473",https://cdn.ssref.net/req/202312151/tlogo/bbr/SAS-2024.png
Mike Conley,Minnesota Timberwolves,BA,35,58,57,1672,3,7,2,4,1,2,1,1,0.9111127543908716,2,6,1,9,16.579674055264327,7832015,24360000,"67,8488708278011",https://cdn.ssref.net/req/202312151/tlogo/bbr/MIN-2024.png
Pat Connaughton,Milwaukee Bucks,AL,30,57,0,1203,1,3,1,2,0,1,0,0,0.7112458700699584,2,1,0,5,10.577807575481486,3251574,9423869,"65,49639610546242",https://cdn.ssref.net/req/202312151/tlogo/bbr/MIL-2024.png
Bilal Coulibaly,Washington Wizards,AL,18,58,9,1543,2,6,0,2,1,3,1,1,0.7012525258539128,3,1,1,7,13.211917860075918,6198130,6614280,"6,2916824910355595",https://cdn.ssref.net/req/202312151/tlogo/bbr/WAS-2024.png
Torrey Craig,Chicago Bulls,AL,32,31,6,650,1,4,1,2,0,1,0,0,0.7782012763174644,2,0,0,5,12.273019676820468,7966498,2528233,"-215,1014351489886",https://cdn.ssref.net/req/202312151/tlogo/bbr/CHI-2024.png
Jae Crowder,Milwaukee Bucks,AP,32,29,15,736,2,4,1,3,0,1,0,0,0.6922585160594718,2,1,0,5,10.330193367018255,6059479,3196448,"-89,56915560434103",https://cdn.ssref.net/req/202312151/tlogo/bbr/MIL-2024.png
Cade Cunningham,Detroit Pistons,BA,21,51,51,1762,8,18,1,5,6,12,3,4,0.8661427054186661,3,7,3,22,34.294099170957786,2205723,11055240,"80,04816138990219",https://cdn.ssref.net/req/202312151/tlogo/bbr/DET-2024.png
Stephen Curry,Golden State Warriors,BA,34,58,57,1910,8,19,4,11,3,7,4,4,0.9201067641853127,3,4,2,26,43.1464870278485,41592160,51915615,"19,885066037130024",https://cdn.ssref.net/req/202312151/tlogo/bbr/GSW-2024.png
Dyson Daniels,New Orleans Pelicans,BA,19,50,13,1084,1,4,0,1,1,2,0,0,0.6402931261360344,2,2,0,4,10.23279456773156,3463694,5784120,"40,117181456800836",https://cdn.ssref.net/req/202312151/tlogo/bbr/NOP-2024.png
Anthony Davis,Los Angeles Lakers,P,29,60,59,2166,9,16,0,1,9,15,5,6,0.8161759843384379,9,3,1,24,35.799856524480965,6875280,40600080,"83,06584422309736",https://cdn.ssref.net/req/202312151/tlogo/bbr/LAL-2024.png
Johnny Davis,Washington Wizards,ES,20,28,-1,230,0,2,0,0,0,2,0,0,0.5453563560836007,0,0,0,1,8.952340304983563,3201286,5050800,"36,61822197123795",https://cdn.ssref.net/req/202312151/tlogo/bbr/WAS-2024.png
Dexter Dennis,Dallas Mavericks,ES,23,-2,-1,-65,2,4,0,1,2,2,0,0,0.33349745870343284,1,0,0,4,43.13925854898763,8804749,212331,"-4046,709305170072",https://cdn.ssref.net/req/202312151/tlogo/bbr/DAL-2024.png
DeMar DeRozan,Chicago Bulls,AL,33,61,60,2339,7,16,0,2,6,13,6,7,0.864144036575457,3,5,1,22,30.942875661282734,2968641,28600000,"89,62013453590775",https://cdn.ssref.net/req/202312151/tlogo/bbr/CHI-2024.png
Mamadi Diakite,San Antonio Spurs,AP,26,-4,-1,-80,1,1,0,0,1,1,1,1,0.6672751555193577,0,0,0,3,46.046532384922706,30194652,199463,"-15037,97195142865",https://cdn.ssref.net/req/202312151/tlogo/bbr/SAS-2024.png
Gradey Dick,Toronto Raptors,ES,19,40,0,677,2,5,1,3,0,1,0,0,0.9201067641853127,1,0,0,5,17.27360861981036,10860327,4536720,"-139,38720970390673",https://cdn.ssref.net/req/202312151/tlogo/bbr/TOR-2024.png
Ousmane Dieng,Oklahoma City Thunder,AP,19,24,-1,241,1,3,0,2,0,1,0,0,0.8751367152131072,1,0,0,3,17.01530893649329,23916720,4798440,"-398,4270044009629",https://cdn.ssref.net/req/202312151/tlogo/bbr/OKC-2024.png
Donte DiVincenzo,New York Knicks,ES,26,61,42,1601,4,11,3,7,1,3,0,1,0.7312325585020498,2,2,1,13,26.808129573041033,36452373,10900000,"-234,42544841377986",https://cdn.ssref.net/req/202312151/tlogo/bbr/NYK-2024.png
Luguentz Dort,Oklahoma City Thunder,AL,23,60,59,1706,3,7,1,4,1,3,1,1,0.8191739876032516,2,1,0,10,17.130217685472495,5903038,15277778,"61,36193040418972",https://cdn.ssref.net/req/202312151/tlogo/bbr/OKC-2024.png
Ayo Dosunmu,Chicago Bulls,ES,23,61,21,1666,4,8,1,3,2,4,0,1,0.7811992795822781,1,2,1,10,18.300181545399063,3521253,6481481,"45,67208425864404",https://cdn.ssref.net/req/202312151/tlogo/bbr/CHI-2024.png
Andre Drummond,Chicago Bulls,P,29,64,8,1040,3,5,0,0,3,5,1,2,0.565343044515692,5,0,1,7,23.567832961794267,3926428,3360000,"-16,85798376804172",https://cdn.ssref.net/req/202312151/tlogo/bbr/CHI-2024.png
Chris Duarte,Sacramento Kings,AL,25,40,9,493,1,3,0,1,0,1,0,0,0.7782012763174644,1,0,0,3,13.147354915681003,24822596,4124280,"-501,86497040022624",https://cdn.ssref.net/req/202312151/tlogo/bbr/SAC-2024.png
Kris Dunn,Utah Jazz,BA,28,55,26,970,1,4,0,1,1,2,0,0,0.6802665030002171,1,3,1,4,12.511776497283318,19853081,2586484,"-667,5702233094813",https://cdn.ssref.net/req/202312151/tlogo/bbr/UTA-2024.png
Kevin Durant,Phoenix Suns,AP,34,56,55,2104,10,19,2,5,7,14,5,6,0.8541506923594113,6,5,3,28,39.701263268946434,9095359,47649433,"80,91192402433907",https://cdn.ssref.net/req/202312151/tlogo/bbr/PHO-2024.png
Jalen Duren,Detroit Pistons,P,19,46,45,1386,5,8,0,0,5,9,1,2,0.7782012763174644,8,2,1,13,22.46090938910878,5231863,4330680,"-20,809284891778326",https://cdn.ssref.net/req/202312151/tlogo/bbr/DET-2024.png
Tari Eason,Houston Rockets,AP,21,17,-1,400,3,8,0,2,3,6,0,1,0.6362957884496161,4,1,0,9,22.36987046348167,27208369,3527160,"-671,3959639952473",https://cdn.ssref.net/req/202312151/tlogo/bbr/HOU-2024.png
Anthony Edwards,Minnesota Timberwolves,ES,21,60,58,2119,9,19,2,6,6,12,5,6,0.8401600104569474,4,4,3,26,39.03403666393879,2759176,13534817,"79,61423221396896",https://cdn.ssref.net/req/202312151/tlogo/bbr/MIN-2024.png
Kessler Edwards,Sacramento Kings,AL,22,36,-1,99,0,0,0,0,0,0,0,0,0.6672751555193577,0,0,0,0,13.375692605368656,22373462,1927896,"-1060,5118982801184",https://cdn.ssref.net/req/202312151/tlogo/bbr/SAC-2024.png
Keon Ellis,Sacramento Kings,ES,23,33,2,356,0,2,0,2,0,0,0,0,0.6472884670872663,0,1,0,2,13.138993930581107,7899947,1450668,"-444,57306246792047",https://cdn.ssref.net/req/202312151/tlogo/bbr/SAC-2024.png
Joel Embiid,Philadelphia 76ers,P,28,30,32,1102,11,22,1,3,10,18,10,11,0.8831313905859437,8,5,3,35,56.33890847830568,5787473,47607350,"87,84332022761018",https://cdn.ssref.net/req/202312151/tlogo/bbr/PHI-2024.png
Drew Eubanks,Phoenix Suns,P,25,57,2,859,1,3,0,0,1,3,0,1,0.7632112599933959,2,0,0,4,15.441217740228712,4032376,2346614,"-71,8380880298872",https://cdn.ssref.net/req/202312151/tlogo/bbr/PHO-2024.png
Dante Exum,Dallas Mavericks,BA,27,35,12,651,3,5,0,1,2,3,1,1,0.7542172501989548,2,2,0,7,21.61826888448113,11368637,3000000,"-278,9545684412811",https://cdn.ssref.net/req/202312151/tlogo/bbr/DAL-2024.png
Bruno Fernando,Atlanta Hawks,P,24,21,0,229,1,2,0,0,1,2,0,1,0.6143104311743157,2,0,0,4,18.725612875430176,2435238,2581522,"5,666577756206712",https://cdn.ssref.net/req/202312151/tlogo/bbr/ATL-2024.png
Dorian Finney-Smith,Brooklyn Nets,AP,29,54,42,1520,3,7,1,5,1,2,0,0,0.6882611783730535,2,1,0,8,13.682949795431817,17503438,13394160,"-30,679627420583927",https://cdn.ssref.net/req/202312151/tlogo/bbr/BRK-2024.png
Trent Forrest,Atlanta Hawks,ES,24,20,-1,162,0,1,0,0,0,1,0,0,0.7502199125125366,0,1,0,1,8.212433593597886,8068196,968162,"-733,3519322727221",https://cdn.ssref.net/req/202312151/tlogo/bbr/ATL-2024.png
De'Aaron Fox,Sacramento Kings,BA,25,52,52,1905,9,20,2,7,7,13,4,6,0.7142438733347721,3,5,2,26,39.6881080926334,30895718,32600060,"5,228032108722748",https://cdn.ssref.net/req/202312151/tlogo/bbr/SAC-2024.png
Alex Fudge,Los Angeles Lakers,AL,19,-2,-1,-82,0,1,0,0,0,0,0,0,1.000053517913678,0,0,0,0,12.820545688521737,12237063,241285,"-4971,622204766558",https://cdn.ssref.net/req/202312151/tlogo/bbr/LAL-2024.png
Markelle Fultz,Orlando Magic,BA,24,22,13,528,3,7,0,0,3,7,0,0,0.6003197492718517,1,2,1,7,17.22245066930011,6368248,17000000,"62,53971209293378",https://cdn.ssref.net/req/202312151/tlogo/bbr/ORL-2024.png
Darius Garland,Cleveland Cavaliers,BA,23,36,37,1245,6,14,2,5,4,8,2,3,0.8431580137217611,1,6,3,18,28.120070652375148,3004203,34005250,"91,16547061536338",https://cdn.ssref.net/req/202312151/tlogo/bbr/CLE-2024.png
Keyonte George,Utah Jazz,BA,19,56,24,1415,3,9,1,5,1,4,2,2,0.8221719908680652,2,4,2,11,23.25299581273767,3441732,3889800,"11,5190299504372",https://cdn.ssref.net/req/202312151/tlogo/bbr/UTA-2024.png
Paul George,Los Angeles Clippers,AP,32,56,55,1912,7,16,3,8,4,8,3,3,0.8831313905859437,4,3,2,21,33.240194577843305,20781051,45640165,"54,46762305395384",https://cdn.ssref.net/req/202312151/tlogo/bbr/LAC-2024.png
Josh Giddey,Oklahoma City Thunder,ES,20,61,60,1490,4,9,0,2,3,6,1,1,0.8261693285544836,4,4,1,10,22.197863912703056,4979237,6587160,"24,40995554890948",https://cdn.ssref.net/req/202312151/tlogo/bbr/OKC-2024.png
Anthony Gill,Washington Wizards,AP,30,29,-1,84,0,1,0,0,0,0,0,0,0.7502199125125366,0,0,0,1,17.61188399735501,5863160,1997238,"-193,56342500825397",https://cdn.ssref.net/req/202312151/tlogo/bbr/WAS-2024.png
Jacob Gilyard,Memphis Grizzlies,BA,24,33,12,581,1,3,1,3,0,0,0,0,1.000053517913678,0,3,0,4,10.975544324809023,20063679,398925,"-4929,436523557544",https://cdn.ssref.net/req/202312151/tlogo/bbr/MEM-2024.png
Rudy Gobert,Minnesota Timberwolves,P,30,61,60,2084,5,7,0,0,5,7,3,4,0.6492871359304755,9,1,1,13,19.16592770721186,5428669,41000000,"86,75934230931158",https://cdn.ssref.net/req/202312151/tlogo/bbr/MIN-2024.png
Aaron Gordon,Denver Nuggets,AP,27,57,56,1792,5,9,0,1,4,7,2,3,0.6522851391952892,3,3,1,13,21.010512769153703,2622404,21266182,"87,66866269070934",https://cdn.ssref.net/req/202312151/tlogo/bbr/DEN-2024.png
Eric Gordon,Phoenix Suns,ES,34,51,22,1524,4,9,2,6,1,3,0,0,0.7931912926415329,1,2,1,11,18.94244335736547,11889930,3196448,"-271,9732180551018",https://cdn.ssref.net/req/202312151/tlogo/bbr/PHO-2024.png
Devonte' Graham,San Antonio Spurs,BA,27,7,-1,18,0,2,0,1,0,0,0,0,0.7502199125125366,1,1,0,2,19.26556394128645,5472642,12100000,"54,77154676349962",https://cdn.ssref.net/req/202312151/tlogo/bbr/SAS-2024.png
Jerami Grant,Portland Trail Blazers,AP,28,51,51,1764,7,15,2,4,4,10,4,5,0.8161759843384379,2,2,2,20,31.56921935375145,2614077,27586207,"90,52397083289527",https://cdn.ssref.net/req/202312151/tlogo/bbr/POR-2024.png
A.J. Green,Milwaukee Bucks,ES,23,39,-1,318,1,2,1,2,0,0,0,0,0.9091140855476625,0,0,0,3,21.79767286093618,2364083,1801769,"-31,209003872884182",https://cdn.ssref.net/req/202312151/tlogo/bbr/MIL-2024.png
Draymond Green,Golden State Warriors,AP,32,36,34,974,3,6,0,2,2,4,1,1,0.7632112599933959,5,5,2,8,15.897647351002346,10582418,22321429,"52,590767600513864",https://cdn.ssref.net/req/202312151/tlogo/bbr/GSW-2024.png
Jalen Green,Houston Rockets,ES,20,62,61,1913,6,15,2,6,4,8,3,4,0.809180643387206,4,3,2,17,30.04548332568217,3082557,9891600,"68,83661658141821",https://cdn.ssref.net/req/202312151/tlogo/bbr/HOU-2024.png
Jeff Green,Houston Rockets,AP,36,58,3,904,1,3,0,1,1,2,1,1,0.8101799778088106,1,0,0,5,16.47210896790927,6481994,9600000,"32,47922037134529",https://cdn.ssref.net/req/202312151/tlogo/bbr/HOU-2024.png
Josh Green,Dallas Mavericks,ES,22,49,30,1339,3,6,1,3,1,3,0,0,0.6732711620489851,2,2,1,8,13.877702765946644,26237650,4765339,"-450,59357855484603",https://cdn.ssref.net/req/202312151/tlogo/bbr/DAL-2024.png
Rui Hachimura,Los Angeles Lakers,AP,24,49,20,1253,4,9,1,3,3,6,1,1,0.7072485323835402,2,0,0,12,23.844429649560794,2520453,15740741,"83,98770672681772",https://cdn.ssref.net/req/202312151/tlogo/bbr/LAL-2024.png
Tyrese Haliburton,Indiana Pacers,BA,22,49,48,1598,7,15,2,7,4,7,2,3,0.8481546858297839,3,11,2,20,33.4189714361384,3112975,5808435,"46,405943343095956",https://cdn.ssref.net/req/202312151/tlogo/bbr/IND-2024.png
R.J. Hampton,Miami Heat,BA,21,1,0,-18,0,1,0,0,0,0,0,0,0.5003863071113952,0,0,0,0,3.871934962311773,24451706,120250,"-20234,059815287837",https://cdn.ssref.net/req/202312151/tlogo/bbr/MIA-2024.png
Tim Hardaway Jr.,Dallas Mavericks,AL,30,60,8,1704,5,13,2,8,2,5,2,2,0.8551500267810159,2,1,0,15,28.399695466200395,11452153,17897728,"36,01336657686044",https://cdn.ssref.net/req/202312151/tlogo/bbr/DAL-2024.png
James Harden,Los Angeles Clippers,BA,33,56,55,1949,4,11,2,6,2,4,4,5,0.8801333873211301,4,8,2,17,25.093608982394592,3191940,35640000,"91,04393759137912",https://cdn.ssref.net/req/202312151/tlogo/bbr/LAC-2024.png
Jaden Hardy,Dallas Mavericks,ES,20,55,4,739,2,6,1,3,1,3,0,0,0.7462225748261183,1,1,0,7,26.51288422721052,41208043,1719864,"-2296,005960088356",https://cdn.ssref.net/req/202312151/tlogo/bbr/DAL-2024.png
Gary Harris,Orlando Magic,ES,28,37,11,854,2,5,1,3,0,1,0,0,0.7572152534637685,1,1,0,6,13.604143305054507,2639329,13000000,"79,69746663893595",https://cdn.ssref.net/req/202312151/tlogo/bbr/ORL-2024.png
Joe Harris,Detroit Pistons,ES,31,10,-1,79,0,1,0,1,0,0,0,0,0.5003863071113952,0,0,0,1,9.02154500374942,3151510,19928571,"84,18596781059374",https://cdn.ssref.net/req/202312151/tlogo/bbr/DET-2024.png
Tobias Harris,Philadelphia 76ers,AP,30,56,55,1911,6,13,1,3,5,9,2,3,0.894124069223594,4,3,1,17,25.478259232000177,13404164,39270150,"65,86678484939009",https://cdn.ssref.net/req/202312151/tlogo/bbr/PHI-2024.png
Josh Hart,New York Knicks,AL,27,61,21,1934,3,7,1,3,2,4,0,1,0.7632112599933959,6,3,1,8,11.938641234005024,3349445,12960000,"74,15551515023675",https://cdn.ssref.net/req/202312151/tlogo/bbr/NYK-2024.png
Isaiah Hartenstein,New York Knicks,P,24,56,29,1380,2,4,0,0,2,4,1,1,0.7272352208156315,4,2,1,6,11.67546866085803,16299868,8195121,"-98,89722705131047",https://cdn.ssref.net/req/202312151/tlogo/bbr/NYK-2024.png
Sam Hauser,Boston Celtics,AL,25,61,4,1236,2,5,2,5,0,0,0,0,0.8821320561643392,2,0,0,7,17.11782316885114,3240182,1927896,"-68,06831960165802",https://cdn.ssref.net/req/202312151/tlogo/bbr/BOS-2024.png
Jordan Hawkins,New Orleans Pelicans,ES,20,54,8,1017,2,7,1,4,1,2,1,1,0.8531513579378067,1,1,0,8,22.50966136822153,2851802,4310160,"33,83534199914749",https://cdn.ssref.net/req/202312151/tlogo/bbr/NOP-2024.png
Jaxson Hayes,Los Angeles Lakers,P,22,52,1,542,1,1,0,0,1,1,0,0,0.6003197492718517,1,0,0,3,14.619127345017557,3701160,2165000,"-70,95427765380357",https://cdn.ssref.net/req/202312151/tlogo/bbr/LAL-2024.png
Killian Hayes,Detroit Pistons,BA,21,39,29,948,2,6,0,1,2,4,0,1,0.6602798145681257,2,4,1,6,12.291775645610263,6206269,7413955,"16,28935173833061",https://cdn.ssref.net/req/202312151/tlogo/bbr/DET-2024.png
Scoot Henderson,Portland Trail Blazers,BA,18,41,14,1132,4,11,1,3,3,7,2,3,0.820173322024856,1,4,2,12,23.187908000357222,8739481,9770880,"10,55583617251738",https://cdn.ssref.net/req/202312151/tlogo/bbr/POR-2024.png
Taylor Hendricks,Utah Jazz,AP,19,18,4,318,1,4,0,2,1,1,0,0,0.818174653181647,2,0,0,5,15.318101103176865,14993090,5569920,"-169,17963495024918",https://cdn.ssref.net/req/202312151/tlogo/bbr/UTA-2024.png
Tyler Herro,Miami Heat,ES,23,32,34,1156,7,17,3,8,4,9,1,2,0.8351633383489245,4,4,2,20,31.59766731160412,4763157,27000000,"82,35867752547918",https://cdn.ssref.net/req/202312151/tlogo/bbr/MIA-2024.png
Haywood Highsmith,Miami Heat,AP,26,45,22,882,1,4,0,2,0,1,0,0,0.8081813089656014,1,0,0,5,11.695830329162183,10631814,1902137,"-458,9405115818127",https://cdn.ssref.net/req/202312151/tlogo/bbr/MIA-2024.png
D'Moi Hodge,Los Angeles Lakers,ES,24,0,-1,-54,0,1,0,1,0,0,0,0,0.5003863071113952,0,0,0,1,16.239378161093487,4121740,241285,"-1608,2456168920785",https://cdn.ssref.net/req/202312151/tlogo/bbr/LAL-2024.png
Aaron Holiday,Houston Rockets,BA,26,59,0,940,2,4,1,2,1,2,0,0,0.8891273971155711,1,1,0,6,18.713995397564304,6726071,2346614,"-186,62877725586725",https://cdn.ssref.net/req/202312151/tlogo/bbr/HOU-2024.png
Jrue Holiday,Boston Celtics,BA,32,57,56,1898,4,9,1,4,2,5,0,1,0.8291673318192971,4,4,1,12,18.050291936719947,7339917,36158747,"79,70085104847273",https://cdn.ssref.net/req/202312151/tlogo/bbr/BOS-2024.png
Justin Holiday,Denver Nuggets,ES,33,37,7,511,1,2,0,2,0,0,0,0,0.7502199125125366,0,1,0,3,10.807599944244465,3345316,3196448,"-4,657317135501059",https://cdn.ssref.net/req/202312151/tlogo/bbr/DEN-2024.png
Chet Holmgren,Oklahoma City Thunder,P,20,62,61,1875,6,11,1,4,4,7,2,3,0.786195951690301,6,2,1,16,28.309337835079404,2911420,10386000,"71,96783592936204",https://cdn.ssref.net/req/202312151/tlogo/bbr/OKC-2024.png
Jalen Hood-Schifino,Los Angeles Lakers,ES,19,16,-1,16,0,1,0,0,0,1,0,0,0.6003197492718517,0,0,0,0,13.738197652900546,4358742,3695040,"-17,961994233963587",https://cdn.ssref.net/req/202312151/tlogo/bbr/LAL-2024.png
Al Horford,Boston Celtics,P,36,51,22,1368,2,5,1,3,1,2,0,0,0.864144036575457,5,2,0,7,12.620880419584179,6502279,10000000,"34,97720197469669",https://cdn.ssref.net/req/202312151/tlogo/bbr/BOS-2024.png
Talen Horton-Tucker,Utah Jazz,BA,22,38,9,737,3,8,1,3,2,5,1,2,0.8001866335927649,1,3,1,9,25.22765939783992,29731064,11020000,"-169,7918713700659",https://cdn.ssref.net/req/202312151/tlogo/bbr/UTA-2024.png
Caleb Houstan,Orlando Magic,AL,20,45,7,601,1,3,1,3,0,0,0,0,0.7921919582199284,0,0,0,3,13.986950569845256,3568838,2000000,"-78,44192809099503",https://cdn.ssref.net/req/202312151/tlogo/bbr/ORL-2024.png
Jett Howard,Orlando Magic,AL,19,7,-1,-46,0,1,0,1,0,0,0,0,0.5003863071113952,0,0,0,1,23.10097632501119,3408878,5026800,"32,18591969960029",https://cdn.ssref.net/req/202312151/tlogo/bbr/ORL-2024.png
Kevin Huerter,Sacramento Kings,ES,24,59,53,1452,3,8,1,5,1,3,0,0,0.7662092632582096,2,2,0,10,20.247558204501882,29762958,15669643,"-89,9402431477864",https://cdn.ssref.net/req/202312151/tlogo/bbr/SAC-2024.png
De'Andre Hunter,Atlanta Hawks,AL,25,36,22,1040,4,10,1,4,3,5,2,3,0.857148695624225,3,1,1,14,27.22311839481896,3961663,20089286,"80,27971996042064",https://cdn.ssref.net/req/202312151/tlogo/bbr/ATL-2024.png
Bones Hyland,Los Angeles Clippers,BA,22,19,0,230,1,5,0,2,1,2,0,0,0.786195951690301,0,1,1,5,21.527909686292958,39178988,2306400,"-1598,7074623802494",https://cdn.ssref.net/req/202312151/tlogo/bbr/LAC-2024.png
Joe Ingles,Orlando Magic,AL,35,48,-1,796,1,3,0,2,0,0,0,0,0.8261693285544836,1,2,0,3,10.140014157391269,16858471,11000000,"-53,258833910304745",https://cdn.ssref.net/req/202312151/tlogo/bbr/ORL-2024.png
Brandon Ingram,New Orleans Pelicans,AL,25,56,55,1864,7,16,1,3,6,12,4,5,0.8051833057007877,4,5,2,21,33.32579405026627,1854160,33833400,"94,51973284819255",https://cdn.ssref.net/req/202312151/tlogo/bbr/NOP-2024.png
Kyrie Irving,Dallas Mavericks,ES,30,39,40,1395,9,19,2,7,6,12,3,3,0.8971220724884077,4,4,1,25,38.849059806382925,37106701,37037037,"-0,1880931135692539",https://cdn.ssref.net/req/202312151/tlogo/bbr/DAL-2024.png
Jonathan Isaac,Orlando Magic,AP,25,40,0,562,2,4,0,1,1,2,1,1,0.7162425421779813,2,0,0,5,20.406435248416084,2804773,17400000,"83,88061037204895",https://cdn.ssref.net/req/202312151/tlogo/bbr/ORL-2024.png
Jaden Ivey,Detroit Pistons,ES,20,58,41,1632,5,11,1,4,3,7,3,4,0.7532179157773503,2,3,2,14,27.06618073217779,4913658,7614480,"35,46955167831371",https://cdn.ssref.net/req/202312151/tlogo/bbr/DET-2024.png
Andre Jackson Jr.,Milwaukee Bucks,ES,21,46,6,425,0,1,0,0,0,0,0,0,0.7272352208156315,1,0,0,1,8.758630358883599,3681052,1119563,"-228,7936742918661",https://cdn.ssref.net/req/202312151/tlogo/bbr/MIL-2024.png
Isaiah Jackson,Indiana Pacers,P,21,45,1,563,2,3,0,0,2,3,1,1,0.7162425421779813,2,0,0,6,25.5577727460392,1980562,2696280,"26,54464555711123",https://cdn.ssref.net/req/202312151/tlogo/bbr/IND-2024.png
Jaren Jackson Jr.,Memphis Grizzlies,P,23,55,54,1764,7,17,1,5,5,11,5,6,0.8131779810736242,4,2,2,22,36.34540037090214,6179339,27102202,"77,1998619678021",https://cdn.ssref.net/req/202312151/tlogo/bbr/MEM-2024.png
Reggie Jackson,Denver Nuggets,BA,32,64,14,1382,3,8,1,3,2,5,0,0,0.7762026074742553,1,3,1,9,21.661569352742063,4081148,5000000,"18,37703914211997",https://cdn.ssref.net/req/202312151/tlogo/bbr/DEN-2024.png
Trayce Jackson-Davis,Golden State Warriors,AP,22,48,2,601,2,3,0,0,2,3,0,1,0.5593470379860647,2,0,0,6,25.33069659195262,8607375,1119563,"-668,8156065623401",https://cdn.ssref.net/req/202312151/tlogo/bbr/GSW-2024.png
LeBron James,Los Angeles Lakers,AP,38,55,54,1937,9,17,2,5,7,12,3,5,0.7412259027180954,6,7,3,25,37.50982890314958,7128573,47607350,"85,0263170251001",https://cdn.ssref.net/req/202312151/tlogo/bbr/LAL-2024.png
Jaime Jaquez Jr.,Miami Heat,AL,21,56,15,1644,4,9,0,2,3,6,1,2,0.809180643387206,2,2,1,12,20.841152038051153,7485589,3510600,"-113,22820947762249",https://cdn.ssref.net/req/202312151/tlogo/bbr/MIA-2024.png
DaQuan Jeffries,New York Knicks,ES,25,7,-1,-61,0,0,0,0,0,0,0,0,0.000719096309112488,0,0,0,0,14.770317249467212,22283888,951635,"-2241,6424077161355",https://cdn.ssref.net/req/202312151/tlogo/bbr/NYK-2024.png
Isaiah Joe,Oklahoma City Thunder,ES,23,58,-1,1030,2,5,1,4,0,1,0,0,0.8501533546729931,1,1,0,7,21.095488088656506,8327767,1997238,"-316,9642241593923",https://cdn.ssref.net/req/202312151/tlogo/bbr/OKC-2024.png
Cameron Johnson,Brooklyn Nets,AP,26,47,43,1312,4,10,2,6,2,4,1,1,0.7732046042094416,3,2,0,13,24.307030018985778,3488758,25700000,"86,4250633367742",https://cdn.ssref.net/req/202312151/tlogo/bbr/BRK-2024.png
Jalen Johnson,Atlanta Hawks,AL,21,46,43,1593,6,11,1,3,5,8,1,2,0.7272352208156315,7,3,1,15,22.436079990327194,6101086,2925480,"-108,54991924309725",https://cdn.ssref.net/req/202312151/tlogo/bbr/ATL-2024.png
James Johnson,Indiana Pacers,AP,35,0,-1,-63,0,0,0,0,0,0,0,0,1.000053517913678,0,0,0,0,10.008450460310717,4633054,2608596,"-77,60721144860089",https://cdn.ssref.net/req/202312151/tlogo/bbr/IND-2024.png
Keldon Johnson,San Antonio Spurs,AL,23,59,24,1745,5,12,1,5,3,7,2,3,0.7831979484254873,3,2,1,15,26.877121585816305,13961899,20000000,"30,190501323520554",https://cdn.ssref.net/req/202312151/tlogo/bbr/SAS-2024.png
Keon Johnson,Brooklyn Nets,ES,20,-2,-1,-44,1,4,0,2,0,2,2,2,1.000053517913678,0,0,0,6,29.372461855295015,2864508,2808720,"-1,9862511610454234",https://cdn.ssref.net/req/202312151/tlogo/bbr/BRK-2024.png
Colby Jones,Sacramento Kings,ES,20,11,-1,28,0,2,0,0,0,1,0,0,0.4004528649509387,0,0,0,1,13.938611447705744,8947126,2019706,"-342,9915385753549",https://cdn.ssref.net/req/202312151/tlogo/bbr/SAC-2024.png
Damian Jones,Cleveland Cavaliers,P,27,22,-1,76,0,0,0,0,0,0,0,0,0.9091140855476625,0,0,0,1,12.565170194743263,5388666,2586665,"-108,32488289840533",https://cdn.ssref.net/req/202312151/tlogo/bbr/CLE-2024.png
Derrick Jones Jr.,Dallas Mavericks,AL,25,58,47,1351,3,6,1,3,1,3,1,1,0.7212392142860041,2,0,0,8,17.31126466392898,3009569,2709849,"-11,06041402650134",https://cdn.ssref.net/req/202312151/tlogo/bbr/DAL-2024.png
Herbert Jones,New Orleans Pelicans,AL,24,57,56,1667,3,7,1,3,2,4,1,1,0.8531513579378067,2,2,1,10,17.851724989642776,4414687,12015150,"63,257321144236435",https://cdn.ssref.net/req/202312151/tlogo/bbr/NOP-2024.png
Tre Jones,San Antonio Spurs,BA,23,58,28,1515,3,6,0,2,2,4,1,1,0.8721387119482935,2,5,1,8,16.33344592987554,3009972,9895833,"69,58343600705213",https://cdn.ssref.net/req/202312151/tlogo/bbr/SAS-2024.png
Tyus Jones,Washington Wizards,BA,26,62,61,1799,4,9,1,3,3,6,0,0,0.7891939549551147,2,7,0,11,19.690587645720782,3298258,14000000,"76,44101237833854",https://cdn.ssref.net/req/202312151/tlogo/bbr/WAS-2024.png
DeAndre Jordan,Denver Nuggets,P,34,24,0,242,1,2,0,0,1,2,0,1,0.4494202516095624,2,0,0,3,17.077263910590112,8932504,3196448,"-179,45095774635683",https://cdn.ssref.net/req/202312151/tlogo/bbr/DEN-2024.png
Cory Joseph,Golden State Warriors,BA,31,21,-1,209,0,1,0,1,0,0,0,0,0.5713390510453193,0,1,0,1,8.051001925157788,2870296,3196448,"10,20355638988684",https://cdn.ssref.net/req/202312151/tlogo/bbr/GSW-2024.png
Luke Kennard,Memphis Grizzlies,ES,26,28,13,731,3,7,2,5,0,1,1,1,0.8841307250075483,2,2,1,10,21.451596108610172,5313425,15418363,"65,53833102272245",https://cdn.ssref.net/req/202312151/tlogo/bbr/MEM-2024.png
Walker Kessler,Utah Jazz,P,21,50,16,1160,3,5,0,0,3,5,0,1,0.5683410477805055,4,0,0,7,16.67005037380554,3869872,2831160,"-36,68857516307535",https://cdn.ssref.net/req/202312151/tlogo/bbr/UTA-2024.png
Corey Kispert,Washington Wizards,AL,23,60,1,1344,4,8,1,5,2,3,1,1,0.779200610739069,2,1,1,11,26.405547185376594,27183095,3722040,"-630,327873570423",https://cdn.ssref.net/req/202312151/tlogo/bbr/WAS-2024.png
Maxi Kleber,Dallas Mavericks,P,31,22,5,513,1,3,0,2,0,1,0,0,0.6552831424601029,2,1,0,4,8.34639538994547,6656663,11000000,"39,484877872303585",https://cdn.ssref.net/req/202312151/tlogo/bbr/DAL-2024.png
Kevin Knox,Detroit Pistons,AL,23,27,9,483,2,5,0,2,1,2,0,0,0.9091140855476625,1,0,0,6,18.645141541852514,2956944,2144320,"-37,89659175046815",https://cdn.ssref.net/req/202312151/tlogo/bbr/DET-2024.png
John Konchar,Memphis Grizzlies,AL,26,47,16,920,1,3,0,1,0,1,0,0,0.8501533546729931,3,1,0,3,7.335651141175983,2207334,2400000,"8,027713609002939",https://cdn.ssref.net/req/202312151/tlogo/bbr/MEM-2024.png
Furkan Korkmaz,Philadelphia 76ers,ES,25,31,-1,214,0,1,0,0,0,0,0,0,0.7002531914323082,0,0,0,1,12.568581956074029,3035910,5370370,"43,46925595095221",https://cdn.ssref.net/req/202312151/tlogo/bbr/PHI-2024.png
Luke Kornet,Boston Celtics,P,27,42,0,589,1,2,0,0,2,2,0,0,0.8921254003803849,1,0,0,4,15.603110540318138,31158615,2413304,"-1191,1185587945772",https://cdn.ssref.net/req/202312151/tlogo/bbr/BOS-2024.png
Jonathan Kuminga,Golden State Warriors,AP,20,61,34,1563,5,11,0,2,5,8,2,4,0.7372285650316772,3,1,1,15,31.10495140697441,9285557,6012720,"-54,43188802645389",https://cdn.ssref.net/req/202312151/tlogo/bbr/GSW-2024.png
Kyle Kuzma,Washington Wizards,AP,27,60,59,1932,8,18,2,6,6,11,2,3,0.779200610739069,5,4,2,22,35.94369674728127,13520611,25568182,"47,11938652671605",https://cdn.ssref.net/req/202312151/tlogo/bbr/WAS-2024.png
Jock Landale,Houston Rockets,P,27,33,-1,250,0,1,0,0,0,1,0,0,0.7921919582199284,0,0,0,1,11.024965250751077,3207556,8000000,"59,90554759429321",https://cdn.ssref.net/req/202312151/tlogo/bbr/HOU-2024.png
Jake LaRavia,Memphis Grizzlies,AP,21,13,-1,226,2,5,0,2,1,2,1,1,0.8001866335927649,1,0,0,6,20.57355616385855,31017180,3199920,"-869,311136849022",https://cdn.ssref.net/req/202312151/tlogo/bbr/MEM-2024.png
Zach LaVine,Chicago Bulls,ES,27,20,21,807,6,14,2,6,4,8,3,4,0.8541506923594113,4,3,2,19,28.18680247169213,6607508,40064220,"83,50770773028142",https://cdn.ssref.net/req/202312151/tlogo/bbr/CHI-2024.png
Alex Len,Sacramento Kings,P,29,23,-1,159,0,1,0,0,0,1,0,0,0.41244487801019347,1,0,0,1,12.3623431897986,4776874,3196448,"-49,44321361189529",https://cdn.ssref.net/req/202312151/tlogo/bbr/SAC-2024.png
Kawhi Leonard,Los Angeles Clippers,AL,31,56,55,1947,8,17,2,4,6,12,3,4,0.8921254003803849,4,3,1,23,35.825655888121275,6441797,45640084,"85,88565837362714",https://cdn.ssref.net/req/202312151/tlogo/bbr/LAC-2024.png
Caris LeVert,Cleveland Cavaliers,ES,28,49,0,1384,4,12,1,4,3,7,2,2,0.7502199125125366,3,4,1,13,24.52959842848456,25632850,15384616,"-66,61352105671203",https://cdn.ssref.net/req/202312151/tlogo/bbr/CLE-2024.png
E.J. Liddell,New Orleans Pelicans,AP,22,1,-1,-73,0,0,0,0,0,0,0,0,1.000053517913678,0,0,0,0,7.809561281863438,3042406,1801769,"-68,85666121912053",https://cdn.ssref.net/req/202312151/tlogo/bbr/NOP-2024.png
Damian Lillard,Milwaukee Bucks,BA,32,58,57,2041,7,17,2,8,4,8,6,7,0.9271021051365447,3,6,2,24,36.2196849072061,2968224,45640084,"93,49645216617367",https://cdn.ssref.net/req/202312151/tlogo/bbr/MIL-2024.png
Nassir Little,Phoenix Suns,AL,22,30,0,344,1,2,0,1,0,1,0,0,0.8501533546729931,1,0,0,3,13.848534868881076,6092417,6250000,"2,5213140825749933",https://cdn.ssref.net/req/202312151/tlogo/bbr/PHO-2024.png
Dereck Lively II,Dallas Mavericks,P,18,42,40,1051,3,4,0,0,3,4,0,1,0.5293670053379276,4,1,0,8,16.072923974123864,7173083,4775640,"-50,201507134055944",https://cdn.ssref.net/req/202312151/tlogo/bbr/DAL-2024.png
Isaiah Livers,Detroit Pistons,AP,24,18,4,389,1,4,0,3,0,1,0,0,0.6672751555193577,1,0,0,4,9.70695701793306,8228507,1836096,"-348,1523767537561",https://cdn.ssref.net/req/202312151/tlogo/bbr/DET-2024.png
Chris Livingston,Milwaukee Bucks,AL,19,10,-1,-25,0,0,0,0,0,0,0,0,1.000053517913678,0,0,0,0,10.442961495572753,2825655,1119563,"-152,38913240088797",https://cdn.ssref.net/req/202312151/tlogo/bbr/MIL-2024.png
Kevon Looney,Golden State Warriors,P,26,60,34,974,1,2,0,0,1,2,0,1,0.6762691653137988,3,1,0,3,11.265755195532044,3744011,7500000,"50,079850200477004",https://cdn.ssref.net/req/202312151/tlogo/bbr/GSW-2024.png
Brook Lopez,Milwaukee Bucks,P,34,60,59,1873,4,9,1,5,2,4,1,1,0.8221719908680652,3,1,0,12,18.89600622615603,2900059,25000000,"88,39976137541309",https://cdn.ssref.net/req/202312151/tlogo/bbr/MIL-2024.png
Robin Lopez,Milwaukee Bucks,P,34,10,0,-29,0,0,0,0,0,0,0,0,1.000053517913678,0,0,0,0,11.886064812685458,2931103,3196448,"8,30122297141587",https://cdn.ssref.net/req/202312151/tlogo/bbr/MIL-2024.png
Kevin Love,Miami Heat,AP,34,45,3,755,2,6,1,4,1,1,1,2,0.779200610739069,5,2,0,8,25.810223859000374,3082419,3835738,"19,639468936370623",https://cdn.ssref.net/req/202312151/tlogo/bbr/MIA-2024.png
Trey Lyles,Sacramento Kings,AP,27,45,-1,877,2,5,1,3,0,1,0,1,0.6952565193242854,3,1,0,6,16.792829719351364,4744431,8000000,"40,694601006329755",https://cdn.ssref.net/req/202312151/tlogo/bbr/SAC-2024.png
Terance Mann,Los Angeles Clippers,ES,26,55,50,1368,2,5,0,2,2,3,0,1,0.7971886303279512,2,1,0,7,14.067548948955928,6632471,10576923,"37,29299435145727",https://cdn.ssref.net/req/202312151/tlogo/bbr/LAC-2024.png
Lauri Markkanen,Utah Jazz,AP,25,49,49,1641,7,15,3,7,4,7,4,4,0.8881280626939666,5,1,1,22,36.30080674334544,5984315,17259999,"65,32841074044413",https://cdn.ssref.net/req/202312151/tlogo/bbr/UTA-2024.png
Naji Marshall,New Orleans Pelicans,AL,25,49,0,902,2,5,0,2,1,3,1,1,0.7881946205335101,2,1,1,6,17.815273699425823,2405914,1930681,"-24,614788936370413",https://cdn.ssref.net/req/202312151/tlogo/bbr/NOP-2024.png
Caleb Martin,Miami Heat,AL,27,43,17,1199,3,8,1,3,2,5,1,1,0.7732046042094416,3,1,1,9,17.755977090648653,2475180,6802950,"63,6160680028526",https://cdn.ssref.net/req/202312151/tlogo/bbr/MIA-2024.png
Cody Martin,Charlotte Hornets,AL,27,23,20,683,2,7,0,2,1,4,0,1,0.6063157558014791,3,3,1,6,12.066287109382822,6509757,7560000,"13,89209585553136",https://cdn.ssref.net/req/202312151/tlogo/bbr/CHO-2024.png
Garrison Mathews,Atlanta Hawks,ES,26,45,2,534,0,2,0,2,0,0,0,0,0.7222385487076087,0,0,0,2,10.998103568504085,4756526,2000000,"-137,8263039925874",https://cdn.ssref.net/req/202312151/tlogo/bbr/ATL-2024.png
Bennedict Mathurin,Indiana Pacers,AL,20,58,17,1497,4,10,1,3,3,7,3,3,0.8211726564464606,2,1,1,14,27.726529346011716,16988915,6916080,"-145,6437139638278",https://cdn.ssref.net/req/202312151/tlogo/bbr/IND-2024.png
Wesley Matthews,Atlanta Hawks,ES,36,18,0,162,0,1,0,1,0,0,0,0,0.7002531914323082,1,0,0,1,8.294949609254342,18596193,3196448,"-481,7768199090316",https://cdn.ssref.net/req/202312151/tlogo/bbr/ATL-2024.png
Tyrese Maxey,Philadelphia 76ers,BA,22,54,53,2034,8,19,3,7,5,11,4,5,0.8711393775266889,3,6,1,25,35.91683755508167,3061166,4343920,"29,529862376840537",https://cdn.ssref.net/req/202312151/tlogo/bbr/PHI-2024.png
Miles McBride,New York Knicks,BA,22,48,3,671,2,5,1,2,1,2,0,0,0.8211726564464606,0,1,0,6,21.28526935392417,12717251,1836096,"-592,6245460551476",https://cdn.ssref.net/req/202312151/tlogo/bbr/NYK-2024.png
T.J. McConnell,Indiana Pacers,BA,30,51,2,866,3,6,0,0,3,6,0,0,0.7712059353662325,1,5,1,8,24.94758460967047,4499279,8700000,"48,28413954965487",https://cdn.ssref.net/req/202312151/tlogo/bbr/IND-2024.png
Jaden McDaniels,Minnesota Timberwolves,AL,22,52,51,1538,4,8,1,3,2,4,0,0,0.7502199125125366,1,1,1,9,16.277172185906117,13709211,3901399,"-251,39219204425407",https://cdn.ssref.net/req/202312151/tlogo/bbr/MIN-2024.png
Jalen McDaniels,Toronto Raptors,AL,25,32,-1,240,0,2,0,1,0,1,0,0,0.7002531914323082,0,0,0,2,13.229125930910174,8498003,4516000,"-88,1754591104094",https://cdn.ssref.net/req/202312151/tlogo/bbr/TOR-2024.png
JaVale McGee,Sacramento Kings,P,35,36,-1,224,1,2,0,0,1,2,0,0,0.5813323952613649,1,0,0,3,27.834589956093623,3484664,3196448,"-9,016782395233584",https://cdn.ssref.net/req/202312151/tlogo/bbr/SAC-2024.png
Bryce McGowens,Charlotte Hornets,ES,20,48,11,721,1,3,0,1,1,1,0,1,0.7542172501989548,1,0,0,4,14.385988683395418,33364975,1719864,"-1839,977556913319",https://cdn.ssref.net/req/202312151/tlogo/bbr/CHO-2024.png
Jordan McLaughlin,Minnesota Timberwolves,BA,26,35,-1,254,0,1,0,1,0,0,0,0,0.6003197492718517,0,1,0,1,12.713990140051385,7480567,2320000,"-222,43823424509688",https://cdn.ssref.net/req/202312151/tlogo/bbr/MIN-2024.png
De'Anthony Melton,Philadelphia 76ers,ES,24,32,31,942,3,9,2,5,1,3,1,2,0.8351633383489245,2,2,1,10,19.586729758578493,14538814,8000000,"-81,7351769207051",https://cdn.ssref.net/req/202312151/tlogo/bbr/PHI-2024.png
Nathan Mensah,Charlotte Hornets,P,24,20,-1,221,0,0,0,0,0,0,0,0,0.7502199125125366,1,0,0,0,2.0254821362443955,3369791,257371,"-1209,3126366741897",https://cdn.ssref.net/req/202312151/tlogo/bbr/CHO-2024.png
Sam Merrill,Cleveland Cavaliers,ES,26,42,0,658,2,5,2,5,0,0,0,0,0.9231047674501265,1,1,0,7,23.525019452699162,3746697,1997238,"-87,59393304200425",https://cdn.ssref.net/req/202312151/tlogo/bbr/CLE-2024.png
Chimezie Metu,Phoenix Suns,P,25,33,3,366,1,3,0,1,1,1,0,1,0.8841307250075483,2,0,0,4,19.690958625545655,8278249,2346614,"-252,77423529689563",https://cdn.ssref.net/req/202312151/tlogo/bbr/PHO-2024.png
Khris Middleton,Milwaukee Bucks,AL,31,40,41,1073,5,11,1,4,3,6,1,2,0.8321653350841108,3,4,2,14,28.35792668107415,10259989,29320988,"65,00803679603374",https://cdn.ssref.net/req/202312151/tlogo/bbr/MIL-2024.png
Brandon Miller,Charlotte Hornets,AL,20,56,49,1798,6,14,2,6,3,8,1,2,0.8281679973976926,3,2,1,16,26.061187165670304,10182793,10880400,"6,411588554260636",https://cdn.ssref.net/req/202312151/tlogo/bbr/CHO-2024.png
Dariq Whitehead,Brooklyn Nets,AL,18,-5,-1,-72,0,2,0,1,0,0,0,0,0.5003863071113952,1,1,0,0,12.128337632346717,7283508,2966040,"-145,56340237847436",https://cdn.ssref.net/req/202312151/tlogo/bbr/BRK-2024.png
Josh Minott,Minnesota Timberwolves,AL,20,16,-1,-32,0,0,0,0,0,0,0,0,0.857148695624225,0,0,0,0,26.966152255840296,7182002,1719864,"-317,59129999344736",https://cdn.ssref.net/req/202312151/tlogo/bbr/MIN-2024.png
Davion Mitchell,Sacramento Kings,BA,24,50,2,628,1,3,0,1,0,1,0,0,0.7412259027180954,0,1,0,3,14.392390443774552,2745939,5063760,"45,77270889938121",https://cdn.ssref.net/req/202312151/tlogo/bbr/SAC-2024.png
Donovan Mitchell,Cleveland Cavaliers,ES,26,45,45,1644,9,20,3,8,6,11,5,6,0.8611460333106433,4,6,2,27,41.08923131692586,20439255,32600060,"37,3030141489374",https://cdn.ssref.net/req/202312151/tlogo/bbr/CLE-2024.png
Evan Mobley,Cleveland Cavaliers,AP,21,35,36,1129,6,10,0,0,6,10,2,3,0.7042505291187265,7,2,1,15,24.99346951663228,27970467,8882760,"-214,88487270577144",https://cdn.ssref.net/req/202312151/tlogo/bbr/CLE-2024.png
Malik Monk,Sacramento Kings,ES,24,60,-1,1557,5,12,2,5,3,6,2,2,0.8131779810736242,2,5,2,15,30.08304400746453,2659252,9945830,"73,26264349926441",https://cdn.ssref.net/req/202312151/tlogo/bbr/SAC-2024.png
Moses Moody,Golden State Warriors,ES,20,47,6,810,2,6,0,2,1,3,1,1,0.7891939549551147,1,0,0,7,22.17044005709314,3543649,3918480,"9,565718881261477",https://cdn.ssref.net/req/202312151/tlogo/bbr/GSW-2024.png
Ja Morant,Memphis Grizzlies,BA,23,2,7,232,8,18,1,5,7,13,5,7,0.8131779810736242,4,7,2,24,38.68692408955245,3184550,34005250,"90,63512037061204",https://cdn.ssref.net/req/202312151/tlogo/bbr/MEM-2024.png
Marcus Morris,Philadelphia 76ers,AP,33,33,5,563,2,5,0,2,1,2,0,0,0.8611460333106433,2,0,0,6,18.060829991424374,18602224,17116279,"-8,681475410908382",https://cdn.ssref.net/req/202312151/tlogo/bbr/PHI-2024.png
Markieff Morris,Dallas Mavericks,AP,33,13,0,72,0,2,0,1,0,0,0,0,0.7502199125125366,1,0,0,2,14.05666343300864,4636698,3196448,"-45,05783568943386",https://cdn.ssref.net/req/202312151/tlogo/bbr/DAL-2024.png
Trey Murphy III,New Orleans Pelicans,AL,22,35,8,968,4,10,2,7,1,2,1,2,0.7592139223069777,3,1,0,13,24.806107626171087,5657015,3359280,"-68,39964629146826",https://cdn.ssref.net/req/202312151/tlogo/bbr/NOP-2024.png
Dejounte Murray,Atlanta Hawks,ES,26,59,58,2089,8,17,2,6,5,11,2,3,0.8101799778088106,4,5,2,21,31.54393665663676,2752976,18214000,"84,88538146071592",https://cdn.ssref.net/req/202312151/tlogo/bbr/ATL-2024.png
Jamal Murray,Denver Nuggets,BA,25,46,46,1485,7,16,2,5,5,10,2,2,0.8511526890945976,3,6,2,20,34.06704640357266,18597463,33833400,"45,03223481113949",https://cdn.ssref.net/req/202312151/tlogo/bbr/DEN-2024.png
Keegan Murray,Sacramento Kings,AL,22,57,56,1882,5,11,2,5,3,5,1,1,0.8281679973976926,3,1,0,14,21.41668043847441,21348511,8409000,"-153,87693130121792",https://cdn.ssref.net/req/202312151/tlogo/bbr/SAC-2024.png
Kris Murray,Portland Trail Blazers,AL,22,40,8,652,1,4,0,2,1,2,0,0,0.6133110967527111,1,0,0,3,11.429550159638529,2853755,2847480,"-0,2203819886798839",https://cdn.ssref.net/req/202312151/tlogo/bbr/POR-2024.png
Svi Mykhailiuk,Boston Celtics,AL,25,21,-1,116,0,2,0,2,0,0,0,0,0.5003863071113952,0,0,0,2,16.490695871355605,5250883,2346614,"-123,76426135039182",https://cdn.ssref.net/req/202312151/tlogo/bbr/BOS-2024.png
Andrew Nembhard,Indiana Pacers,BA,23,48,27,1133,3,7,0,2,2,5,0,0,0.7891939549551147,1,4,1,8,17.784744629681466,4179233,2131905,"-96,03281008627309",https://cdn.ssref.net/req/202312151/tlogo/bbr/IND-2024.png
Aaron Nesmith,Indiana Pacers,AL,23,54,28,1438,4,8,1,4,2,3,1,1,0.7142438733347721,2,1,0,11,21.746052529264574,6792878,5634257,"-20,5638691205964",https://cdn.ssref.net/req/202312151/tlogo/bbr/IND-2024.png
Georges Niang,Cleveland Cavaliers,AP,29,62,1,1315,3,7,1,4,1,2,0,0,0.8221719908680652,3,1,0,8,18.92725733828702,5849018,8800000,"33,5338848776535",https://cdn.ssref.net/req/202312151/tlogo/bbr/CLE-2024.png
Zeke Nnaji,Denver Nuggets,AP,22,47,-1,402,0,2,0,0,0,1,0,1,0.712245204491563,0,0,0,2,14.729144250049956,4535992,4306281,"-5,334341557512815",https://cdn.ssref.net/req/202312151/tlogo/bbr/DEN-2024.png
Jaylen Nowell,Memphis Grizzlies,ES,23,2,0,64,2,5,0,2,1,3,0,0,1.000053517913678,1,1,0,5,15.337934815893286,3157940,248850,"-1169,0138380772655",https://cdn.ssref.net/req/202312151/tlogo/bbr/MEM-2024.png
Frank Ntilikina,Charlotte Hornets,BA,24,-1,-1,-52,0,1,0,1,0,0,0,0,1.000053517913678,0,0,0,0,4.364338899946432,5540743,2528233,"-119,15477489630149",https://cdn.ssref.net/req/202312151/tlogo/bbr/CHO-2024.png
Chuma Okeke,Orlando Magic,AL,24,35,6,312,0,2,0,1,0,0,0,0,0.4004528649509387,1,0,0,2,10.69923467080057,13137668,5266713,"-149,44719888203477",https://cdn.ssref.net/req/202312151/tlogo/bbr/ORL-2024.png
Josh Okogie,Phoenix Suns,ES,24,52,9,863,1,3,0,1,0,1,1,1,0.7402265682964909,1,1,0,4,12.220781544816454,5577078,2815937,"-98,05411004972109",https://cdn.ssref.net/req/202312151/tlogo/bbr/PHO-2024.png
Onyeka Okongwu,Atlanta Hawks,P,22,51,6,1320,3,6,0,1,3,5,1,2,0.8001866335927649,4,1,0,9,18.606078348234753,5046718,8109063,"37,76447305070991",https://cdn.ssref.net/req/202312151/tlogo/bbr/ATL-2024.png
Isaac Okoro,Cleveland Cavaliers,AL,22,52,29,1404,3,6,1,2,2,3,1,1,0.6882611783730535,1,1,0,9,16.40120326087214,28277451,8920795,"-216,98353778080056",https://cdn.ssref.net/req/202312151/tlogo/bbr/CLE-2024.png
Eugene Omoruyi,Washington Wizards,AL,25,27,-1,144,1,3,0,0,1,2,0,0,0.7272352208156315,1,0,0,3,29.84078507503258,3456855,940566,"-267,5293236050762",https://cdn.ssref.net/req/202312151/tlogo/bbr/WAS-2024.png
Cedi Osman,San Antonio Spurs,AL,27,62,0,1042,2,4,1,2,1,2,0,0,0.6802665030002171,1,1,0,6,17.66505730278031,2531916,6718842,"62,31617616692739",https://cdn.ssref.net/req/202312151/tlogo/bbr/SAS-2024.png
Chris Paul,Golden State Warriors,BA,37,36,10,989,3,7,1,3,1,3,0,1,0.8331646695057154,3,6,1,8,15.313592143336468,8817471,30800000,"71,37184540641915",https://cdn.ssref.net/req/202312151/tlogo/bbr/GSW-2024.png
Gary Payton II,Golden State Warriors,ES,30,23,-1,354,2,4,0,1,1,2,0,0,0.6432911294008481,1,0,0,5,17.052562528515914,4409849,8715000,"49,3993167697552",https://cdn.ssref.net/req/202312151/tlogo/bbr/GSW-2024.png
Julian Phillips,Chicago Bulls,AL,19,35,-1,196,0,1,0,0,0,0,0,0,0.6253031098119659,0,0,0,1,11.44932491293159,27758416,1600000,"-1634,901059312569",https://cdn.ssref.net/req/202312151/tlogo/bbr/CHI-2024.png
Jalen Pickett,Denver Nuggets,ES,23,16,-1,15,0,0,0,0,0,0,0,0,0.7502199125125366,0,0,0,0,14.012681785267606,5112085,1708143,"-199,27739897578647",https://cdn.ssref.net/req/202312151/tlogo/bbr/DEN-2024.png
Mason Plumlee,Los Angeles Clippers,P,32,23,7,397,2,3,0,0,2,3,1,2,0.6672751555193577,4,1,0,5,17.729127973662212,4619211,5000000,"7,615774799291156",https://cdn.ssref.net/req/202312151/tlogo/bbr/LAC-2024.png
Brandin Podziemski,Golden State Warriors,ES,19,54,20,1433,3,8,1,3,2,4,0,1,0.6143104311743157,4,3,1,9,16.381810328749896,1993736,3352440,"40,528784458222106",https://cdn.ssref.net/req/202312151/tlogo/bbr/GSW-2024.png
Jakob Poeltl,Toronto Raptors,P,27,48,48,1270,4,7,0,0,4,7,1,2,0.5513523626132281,5,2,1,10,20.155484535179358,6245842,19500000,"67,97004010124738",https://cdn.ssref.net/req/202312151/tlogo/bbr/TOR-2024.png
Jordan Poole,Washington Wizards,ES,23,60,50,1764,5,14,2,6,3,7,2,2,0.8621453677322479,2,3,2,16,28.325358159940887,10854103,28705357,"62,18788278754555",https://cdn.ssref.net/req/202312151/tlogo/bbr/WAS-2024.png
Craig Porter Jr.,Cleveland Cavaliers,BA,22,36,3,444,2,4,0,0,2,3,0,1,0.7142438733347721,1,2,0,5,21.534349578700205,21331525,1866574,"-1042,8170041807386",https://cdn.ssref.net/req/202312151/tlogo/bbr/CLE-2024.png
Michael Porter Jr.,Denver Nuggets,AL,24,62,61,1973,6,12,2,6,3,6,0,1,0.8211726564464606,5,1,1,16,25.78722824707119,2840775,33386850,"91,49133271792861",https://cdn.ssref.net/req/202312151/tlogo/bbr/DEN-2024.png
Bobby Portis,Milwaukee Bucks,AP,27,64,0,1496,5,10,1,2,4,7,1,1,0.7941906270631375,5,1,0,12,27.566333701067286,3557382,11710818,"69,62311250849781",https://cdn.ssref.net/req/202312151/tlogo/bbr/MIL-2024.png
Dwight Powell,Dallas Mavericks,P,31,50,6,678,1,1,0,0,1,1,1,1,0.7262358863940269,1,1,0,3,10.968796597069577,28884379,4000000,"-622,1094847195077",https://cdn.ssref.net/req/202312151/tlogo/bbr/DAL-2024.png
Norman Powell,Los Angeles Clippers,ES,29,60,0,1535,4,9,2,4,2,4,1,1,0.825169994132879,2,0,0,13,26.075716440145847,12973889,18000000,"27,922837627389228",https://cdn.ssref.net/req/202312151/tlogo/bbr/LAC-2024.png
Taurean Prince,Los Angeles Lakers,AP,28,61,47,1739,3,7,1,4,1,2,0,0,0.7172418765995858,2,1,0,8,13.981448234345798,5398649,4516000,"-19,544933197685342",https://cdn.ssref.net/req/202312151/tlogo/bbr/LAL-2024.png
Payton Pritchard,Boston Celtics,BA,25,62,-1,1228,2,6,1,4,1,1,0,0,0.8111793122304151,2,2,0,7,18.219732417763776,7268163,4037278,"-80,02633349342494",https://cdn.ssref.net/req/202312151/tlogo/bbr/BOS-2024.png
Neemias Queta,Boston Celtics,P,23,18,-1,196,1,3,0,0,1,3,0,0,0.7502199125125366,2,0,0,4,19.52977413405834,6053593,250000,"-2321,437560067732",https://cdn.ssref.net/req/202312151/tlogo/bbr/BOS-2024.png
Julius Randle,New York Knicks,AP,28,43,44,1593,8,17,1,5,6,12,5,6,0.7811992795822781,6,4,3,23,34.89086746978689,7682783,25660800,"70,06023339369531",https://cdn.ssref.net/req/202312151/tlogo/bbr/NYK-2024.png
Duop Reath,Portland Trail Blazers,P,26,47,14,833,3,7,1,3,1,3,0,1,0.712245204491563,2,0,0,8,25.584061889159326,4914664,2324408,"-111,43724102617423",https://cdn.ssref.net/req/202312151/tlogo/bbr/POR-2024.png
Austin Reaves,Los Angeles Lakers,ES,24,65,38,2030,5,10,1,4,3,6,2,3,0.8601466988890387,3,5,2,15,24.37145234899372,3497657,12015150,"70,88960742459352",https://cdn.ssref.net/req/202312151/tlogo/bbr/LAL-2024.png
Cam Reddish,Los Angeles Lakers,AL,23,37,24,821,1,5,0,2,1,2,0,1,0.7712059353662325,1,1,0,5,11.713794071842807,3194695,2165000,"-47,56097153535534",https://cdn.ssref.net/req/202312151/tlogo/bbr/LAL-2024.png
Paul Reed,Philadelphia 76ers,P,23,62,21,1117,2,5,0,0,2,4,0,0,0.7452232404045137,3,1,0,6,17.50827007236228,3440479,7723000,"55,45151273008047",https://cdn.ssref.net/req/202312151/tlogo/bbr/PHI-2024.png
Naz Reid,Minnesota Timberwolves,P,23,64,-1,1441,4,9,1,4,2,4,1,1,0.7592139223069777,3,0,1,12,27.073460566892,2885299,12950400,"77,72038544238822",https://cdn.ssref.net/req/202312151/tlogo/bbr/MIN-2024.png
Nick Richards,Charlotte Hornets,P,25,52,39,1374,3,5,0,0,3,5,2,2,0.735229896188468,5,0,1,9,17.600770510561645,3078544,5000000,"38,42910916624285",https://cdn.ssref.net/req/202312151/tlogo/bbr/CHO-2024.png
Josh Richardson,Miami Heat,ES,29,40,4,1046,3,7,1,4,1,3,1,1,0.9440907903038223,2,2,0,9,17.852951819155926,8247379,2891467,"-185,23168073579677",https://cdn.ssref.net/req/202312151/tlogo/bbr/MIA-2024.png
Duncan Robinson,Miami Heat,AL,28,57,24,1602,4,9,2,6,1,2,1,1,0.8891273971155711,2,2,1,12,22.841892395793863,3034330,18154000,"83,28560734800764",https://cdn.ssref.net/req/202312151/tlogo/bbr/MIA-2024.png
Mitchell Robinson,New York Knicks,P,24,16,19,538,2,4,0,0,2,4,0,1,0.3684741634595926,4,0,0,5,8.715288937748024,15418110,15681818,"1,6816122367097155",https://cdn.ssref.net/req/202312151/tlogo/bbr/NYK-2024.png
Orlando Robinson,Miami Heat,P,22,22,5,186,0,2,0,0,0,1,0,0,0.7502199125125366,1,0,0,2,15.371460562203755,12051111,1801769,"-568,848852576296",https://cdn.ssref.net/req/202312151/tlogo/bbr/MIA-2024.png
Ryan Rollins,Washington Wizards,BA,20,3,-1,-28,1,2,0,0,0,1,1,1,0.7652099288366051,0,0,0,3,33.58049457326166,4946858,1719864,"-187,6307880835214",https://cdn.ssref.net/req/202312151/tlogo/bbr/WAS-2024.png
Derrick Rose,Memphis Grizzlies,BA,34,19,5,316,2,6,0,1,2,4,0,1,0.8891273971155711,1,3,1,7,23.62263456514771,3222277,3196448,"-0,8080694328242963",https://cdn.ssref.net/req/202312151/tlogo/bbr/MEM-2024.png
Rayan Rupert,Portland Trail Blazers,ES,18,17,-1,119,0,2,0,1,0,1,0,0,0.7002531914323082,0,0,0,2,13.885052684000978,2744787,1119563,"-145,16595548528625",https://cdn.ssref.net/req/202312151/tlogo/bbr/POR-2024.png
D'Angelo Russell,Los Angeles Lakers,BA,26,59,51,1887,6,13,2,6,3,7,1,2,0.8051833057007877,2,6,1,17,28.451500501854063,8837886,17307693,"48,936660561229644",https://cdn.ssref.net/req/202312151/tlogo/bbr/LAL-2024.png
Domantas Sabonis,Sacramento Kings,P,26,61,60,2202,8,13,0,0,7,11,3,4,0.6932578504810762,10,8,3,19,28.20386753636593,2813949,30600000,"90,80408748931556",https://cdn.ssref.net/req/202312151/tlogo/bbr/SAC-2024.png
Gui Santos,Golden State Warriors,AP,20,11,-1,55,0,1,0,0,0,0,0,0,0.9330981116661721,1,0,0,2,19.739717813061116,6014039,1029483,"-484,1805336031857",https://cdn.ssref.net/req/202312151/tlogo/bbr/GSW-2024.png
Marcus Sasser,Detroit Pistons,BA,22,52,-1,811,2,5,1,2,1,3,0,0,0.8541506923594113,1,2,0,6,21.87087628600031,7841374,2624040,"-198,82832223915688",https://cdn.ssref.net/req/202312151/tlogo/bbr/DET-2024.png
Alperen Sengun,Houston Rockets,P,20,61,60,1993,8,15,0,1,7,13,3,5,0.6972551881674945,6,4,2,20,33.55003708046735,5106964,3536400,"-44,41139976590141",https://cdn.ssref.net/req/202312151/tlogo/bbr/HOU-2024.png
Brice Sensabaugh,Utah Jazz,AL,19,8,0,80,1,3,0,1,1,1,0,0,0.8891273971155711,1,0,1,4,20.210170288214716,4742370,2448600,"-93,67682180045114",https://cdn.ssref.net/req/202312151/tlogo/bbr/UTA-2024.png
Collin Sexton,Utah Jazz,ES,24,64,39,1589,5,12,1,3,4,8,4,4,0.8611460333106433,1,4,1,17,36.98253404418259,3574947,17325000,"79,36538231034515",https://cdn.ssref.net/req/202312151/tlogo/bbr/UTA-2024.png
Landry Shamet,Washington Wizards,ES,25,42,3,648,2,5,1,3,1,2,0,0,0.8261693285544836,0,1,0,6,21.83115626899825,24429930,10250000,"-138,34078976290536",https://cdn.ssref.net/req/202312151/tlogo/bbr/WAS-2024.png
Day'Ron Sharpe,Brooklyn Nets,P,21,45,0,658,2,4,0,0,2,4,1,2,0.6133110967527111,3,1,1,6,22.863138471991157,2939515,2210160,"-33,00011724595266",https://cdn.ssref.net/req/202312151/tlogo/bbr/BRK-2024.png
Shaedon Sharpe,Portland Trail Blazers,ES,19,28,23,1001,5,13,1,5,3,7,2,3,0.8241706597112743,3,2,2,15,23.55222172090656,3415440,6313800,"45,905155478654706",https://cdn.ssref.net/req/202312151/tlogo/bbr/POR-2024.png
Ben Sheppard,Indiana Pacers,ES,21,36,-1,388,1,2,0,2,0,0,0,0,0.8241706597112743,1,0,0,3,15.376163268699791,6069837,2537160,"-139,23746360081603",https://cdn.ssref.net/req/202312151/tlogo/bbr/IND-2024.png
Ben Simmons,Brooklyn Nets,BA,26,9,10,275,2,4,0,0,2,4,0,0,0.4004528649509387,5,5,1,5,12.218768155562895,3207270,37893408,"91,53607383353388",https://cdn.ssref.net/req/202312151/tlogo/bbr/BRK-2024.png
Anfernee Simons,Portland Trail Blazers,ES,23,37,38,1333,7,18,3,8,4,9,3,3,0.9101134199692671,2,5,2,22,33.96975900485178,3615382,24107143,"85,00285908160348",https://cdn.ssref.net/req/202312151/tlogo/bbr/POR-2024.png
Jericho Sims,New York Knicks,P,24,32,8,409,0,0,0,0,0,1,0,0,0.6502864703520801,1,0,0,1,5.80342836496062,17024353,1927896,"-783,0535145411964",https://cdn.ssref.net/req/202312151/tlogo/bbr/NYK-2024.png
Marcus Smart,Memphis Grizzlies,BA,28,14,18,530,4,11,2,6,2,4,2,2,0.7682079321014188,2,4,3,14,23.53558315444683,5856089,18583713,"5856089,204566422",https://cdn.ssref.net/req/202312151/tlogo/bbr/MEM-2024.png
Dennis Smith Jr.,Brooklyn Nets,BA,25,46,0,882,2,6,0,1,2,4,0,1,0.7412259027180954,2,3,1,6,15.794476596532933,5856089,2528233,"5856089,204566422",https://cdn.ssref.net/req/202312151/tlogo/bbr/BRK-2024.png
Dru Smith,Miami Heat,ES,25,2,-1,38,1,3,0,1,0,1,0,0,1.000053517913678,0,1,0,3,14.205842472698972,5856089,1801769,"5856089,204566422",https://cdn.ssref.net/req/202312151/tlogo/bbr/MIA-2024.png
Ish Smith,Charlotte Hornets,BA,34,40,3,671,1,3,0,0,1,3,0,0,0.7502199125125366,1,3,1,2,6.432268919644288,5856089,3196448,"5856089,204566422",https://cdn.ssref.net/req/202312151/tlogo/bbr/CHO-2024.png
Jabari Smith Jr.,Houston Rockets,AP,19,57,56,1832,4,10,1,4,3,5,1,2,0.8101799778088106,6,1,1,12,19.706181083757432,5856089,9326520,"5856089,204566422",https://cdn.ssref.net/req/202312151/tlogo/bbr/HOU-2024.png
Jalen Smith,Indiana Pacers,P,22,42,11,731,3,6,1,2,2,3,1,1,0.6792671685786125,3,0,0,9,29.63606115178085,5856089,5043773,"5856089,204566422",https://cdn.ssref.net/req/202312151/tlogo/bbr/IND-2024.png
Nick Smith Jr.,Charlotte Hornets,ES,18,36,-1,530,2,5,1,2,0,2,0,0,0.8461560169865748,0,1,0,5,18.64675484385576,5856089,2463960,"5856089,204566422",https://cdn.ssref.net/req/202312151/tlogo/bbr/CHO-2024.png
Jeremy Sochan,San Antonio Spurs,AP,19,64,61,1864,4,9,0,2,3,7,1,1,0.7762026074742553,4,3,1,10,18.03117658812621,5856089,5316960,"5856089,204566422",https://cdn.ssref.net/req/202312151/tlogo/bbr/SAS-2024.png
Isaiah Stewart,Detroit Pistons,AP,21,38,38,1215,3,8,1,3,2,4,1,1,0.7472219092477228,5,1,1,10,16.16528445400551,5856089,5266713,"5856089,204566422",https://cdn.ssref.net/req/202312151/tlogo/bbr/DET-2024.png
Julian Strawther,Denver Nuggets,AL,20,37,-1,418,1,4,0,2,0,1,0,0,0.7202398798643995,1,0,0,4,19.56518700206933,5856089,2431080,"5856089,204566422",https://cdn.ssref.net/req/202312151/tlogo/bbr/DEN-2024.png
Max Strus,Cleveland Cavaliers,AL,26,59,58,1906,4,10,2,6,1,3,0,1,0.7851966172686964,3,3,1,11,17.452320464405894,5856089,14487684,"5856089,204566422",https://cdn.ssref.net/req/202312151/tlogo/bbr/CLE-2024.png
Jalen Suggs,Orlando Magic,ES,21,57,56,1502,4,9,1,5,2,4,1,1,0.7572152534637685,2,2,1,11,22.1466519743184,5856089,7252200,"5856089,204566422",https://cdn.ssref.net/req/202312151/tlogo/bbr/ORL-2024.png
Jae'Sean Tate,Houston Rockets,AL,27,52,7,846,1,3,0,1,1,2,0,0,0.6882611783730535,2,0,0,3,10.099635560018388,5856089,6500000,"5856089,204566422",https://cdn.ssref.net/req/202312151/tlogo/bbr/HOU-2024.png
Jayson Tatum,Boston Celtics,AP,24,59,58,2136,9,19,3,8,5,10,5,6,0.8291673318192971,7,4,2,26,39.04469043062717,5856089,32600060,"5856089,204566422",https://cdn.ssref.net/req/202312151/tlogo/bbr/BOS-2024.png
Terry Taylor,Chicago Bulls,AP,23,19,-1,69,0,0,0,0,0,0,0,0,0.6672751555193577,0,0,0,0,9.479889417416206,5856089,2019706,"5856089,204566422",https://cdn.ssref.net/req/202312151/tlogo/bbr/CHI-2024.png
Garrett Temple,Toronto Raptors,ES,36,10,-1,-25,0,0,0,0,0,0,0,0,0.8331646695057154,0,0,0,0,15.34108589307208,5856089,3196448,"5856089,204566422",https://cdn.ssref.net/req/202312151/tlogo/bbr/TOR-2024.png
Dalen Terry,Chicago Bulls,ES,20,38,0,322,0,1,0,0,0,0,0,0,0.6432911294008481,1,1,0,1,9.232006561527317,5856089,3350760,"5856089,204566422",https://cdn.ssref.net/req/202312151/tlogo/bbr/CHI-2024.png
Cam Thomas,Brooklyn Nets,ES,21,47,32,1417,7,17,2,5,5,11,3,4,0.8371620071921337,2,2,1,20,36.507604852226315,5856089,2240040,"5856089,204566422",https://cdn.ssref.net/req/202312151/tlogo/bbr/BRK-2024.png
Amen Thompson,Houston Rockets,AL,20,41,4,799,2,5,0,0,2,4,1,2,0.6452897982440572,3,2,1,7,18.79561433526844,5856089,8809320,"5856089,204566422",https://cdn.ssref.net/req/202312151/tlogo/bbr/HOU-2024.png
Ausar Thompson,Detroit Pistons,AL,20,62,36,1544,3,7,0,1,3,5,1,1,0.597321746007038,4,1,1,8,15.921197588918268,5856089,7977480,"5856089,204566422",https://cdn.ssref.net/req/202312151/tlogo/bbr/DET-2024.png
Klay Thompson,Golden State Warriors,AL,32,59,49,1747,5,14,3,8,2,5,1,1,0.9201067641853127,2,2,1,16,28.93708695191407,5856089,43219440,"5856089,204566422",https://cdn.ssref.net/req/202312151/tlogo/bbr/GSW-2024.png
Tristan Thompson,Cleveland Cavaliers,P,31,32,-1,365,1,2,0,0,1,2,0,1,0.31051276700652775,2,0,0,3,13.406697951336609,5856089,3196448,"5856089,204566422",https://cdn.ssref.net/req/202312151/tlogo/bbr/CLE-2024.png
Matisse Thybulle,Portland Trail Blazers,AL,25,59,17,1355,1,4,1,3,0,1,0,0,0.7592139223069777,1,1,0,4,9.335542459235153,5856089,10500000,"5856089,204566422",https://cdn.ssref.net/req/202312151/tlogo/bbr/POR-2024.png
Jacob Toppin,New York Knicks,AL,22,2,-1,-57,0,0,0,0,0,0,0,0,1.000053517913678,0,0,0,0,16.761274008325138,5856089,453617,"5856089,204566422",https://cdn.ssref.net/req/202312151/tlogo/bbr/NYK-2024.png
Obi Toppin,Indiana Pacers,AP,24,64,26,1354,3,6,1,2,2,3,0,1,0.7532179157773503,2,1,0,9,22.683861543963108,5856089,6803012,"5856089,204566422",https://cdn.ssref.net/req/202312151/tlogo/bbr/IND-2024.png
Karl-Anthony Towns,Minnesota Timberwolves,AP,27,59,58,1944,7,15,2,5,5,10,4,4,0.8741373807915027,6,2,2,21,34.67951987809373,5856089,36016200,"5856089,204566422",https://cdn.ssref.net/req/202312151/tlogo/bbr/MIN-2024.png
Gary Trent Jr.,Toronto Raptors,ES,24,58,27,1575,4,10,2,5,1,4,0,0,0.705249863540331,1,1,0,11,21.571063786994213,5856089,18785000,"5856089,204566422",https://cdn.ssref.net/req/202312151/tlogo/bbr/TOR-2024.png
Myles Turner,Indiana Pacers,P,26,59,58,1596,6,11,1,3,4,7,3,4,0.7851966172686964,5,1,1,16,32.17036776586736,5856089,20975000,"5856089,204566422",https://cdn.ssref.net/req/202312151/tlogo/bbr/IND-2024.png
Stanley Umude,Detroit Pistons,ES,23,12,-1,114,1,2,0,1,0,1,1,1,0.917108760920499,1,0,0,4,22.040937966199458,5856089,934168,"5856089,204566422",https://cdn.ssref.net/req/202312151/tlogo/bbr/DET-2024.png
Jarred Vanderbilt,Los Angeles Lakers,AP,23,24,4,505,1,3,0,0,1,2,0,1,0.6672751555193577,3,1,0,4,10.826313546624904,5856089,4698000,"5856089,204566422",https://cdn.ssref.net/req/202312151/tlogo/bbr/LAL-2024.png
Fred VanVleet,Houston Rockets,BA,28,55,54,2038,5,13,2,7,2,5,2,2,0.8551500267810159,3,7,1,16,21.745289383168778,5856089,40806300,"5856089,204566422",https://cdn.ssref.net/req/202312151/tlogo/bbr/HOU-2024.png
Devin Vassell,San Antonio Spurs,ES,22,57,50,1848,7,15,2,6,4,8,2,2,0.7941906270631375,3,3,1,19,30.43390971183259,5856089,5887899,"5856089,204566422",https://cdn.ssref.net/req/202312151/tlogo/bbr/SAS-2024.png
Sasha Vezenkov,Sacramento Kings,AP,27,31,-1,359,1,4,1,2,0,1,0,0,0.7692072665230233,1,0,0,4,21.497059032650082,5856089,6341464,"5856089,204566422",https://cdn.ssref.net/req/202312151/tlogo/bbr/SAC-2024.png
Gabe Vincent,Los Angeles Lakers,BA,26,-1,-1,34,2,5,0,3,1,2,0,0,0.5003863071113952,0,2,0,4,9.728501355702138,5856089,10500000,"5856089,204566422",https://cdn.ssref.net/req/202312151/tlogo/bbr/LAL-2024.png
Dean Wade,Cleveland Cavaliers,AP,26,52,30,1051,1,3,1,3,0,0,0,0,0.7692072665230233,3,0,0,4,10.737674154868746,5856089,5709877,"5856089,204566422",https://cdn.ssref.net/req/202312151/tlogo/bbr/CLE-2024.png
Franz Wagner,Orlando Magic,AL,21,55,54,1826,7,15,1,4,5,10,3,4,0.8481546858297839,4,3,2,19,31.021512828125346,5856089,5508720,"5856089,204566422",https://cdn.ssref.net/req/202312151/tlogo/bbr/ORL-2024.png
Moritz Wagner,Orlando Magic,P,25,61,0,1083,4,6,0,1,3,5,2,2,0.809180643387206,2,1,1,10,30.9518327942699,5856089,8000000,"5856089,204566422",https://cdn.ssref.net/req/202312151/tlogo/bbr/ORL-2024.png
Ish Wainright,Portland Trail Blazers,AL,28,0,-1,-49,0,2,0,2,0,0,0,0,1.000053517913678,1,0,0,2,22.436218468866038,5856089,853149,"5856089,204566422",https://cdn.ssref.net/req/202312151/tlogo/bbr/POR-2024.png
Jabari Walker,Portland Trail Blazers,AL,20,56,13,1209,2,6,0,1,2,4,1,2,0.7682079321014188,4,0,0,7,17.75303408880982,5856089,1719864,"5856089,204566422",https://cdn.ssref.net/req/202312151/tlogo/bbr/POR-2024.png
Jarace Walker,Indiana Pacers,AP,19,17,-1,135,1,3,0,1,0,1,0,0,0.857148695624225,1,1,0,3,18.18909112419732,5856089,6059520,"5856089,204566422",https://cdn.ssref.net/req/202312151/tlogo/bbr/IND-2024.png
Cason Wallace,Oklahoma City Thunder,ES,19,62,7,1231,2,4,1,2,1,2,0,0,0.7931912926415329,1,1,0,5,14.201629547673953,5856089,5291400,"5856089,204566422",https://cdn.ssref.net/req/202312151/tlogo/bbr/OKC-2024.png
Trendon Watford,Brooklyn Nets,AP,22,43,-1,458,2,3,0,0,1,3,0,0,0.8821320561643392,1,1,0,5,24.428281854409306,5856089,2019706,"5856089,204566422",https://cdn.ssref.net/req/202312151/tlogo/bbr/BRK-2024.png
Peyton Watson,Denver Nuggets,AL,20,61,2,1083,2,5,0,1,1,3,0,1,0.6942571849026808,2,0,0,6,17.178583851590872,5856089,2303520,"5856089,204566422",https://cdn.ssref.net/req/202312151/tlogo/bbr/DEN-2024.png
Victor Wembanyama,San Antonio Spurs,P,19,55,54,1572,7,15,1,4,5,10,3,4,0.8151766499168333,8,3,3,20,37.60266895681755,5856089,12160680,"5856089,204566422",https://cdn.ssref.net/req/202312151/tlogo/bbr/SAS-2024.png
Blake Wesley,San Antonio Spurs,ES,19,40,0,497,1,2,0,0,1,2,0,1,0.6402931261360344,0,2,0,3,13.3215600304105,5856089,2504640,"5856089,204566422",https://cdn.ssref.net/req/202312151/tlogo/bbr/SAS-2024.png
Russell Westbrook,Los Angeles Clippers,BA,34,57,8,1264,4,9,0,2,3,7,1,2,0.6772684997354034,3,4,1,10,23.951075621084577,5856089,3835738,"5856089,204566422",https://cdn.ssref.net/req/202312151/tlogo/bbr/LAC-2024.png
Coby White,Chicago Bulls,BA,22,64,62,2351,6,15,2,7,3,7,2,3,0.8391606760353428,4,5,2,19,26.416508005348838,5856089,12444444,"5856089,204566422",https://cdn.ssref.net/req/202312151/tlogo/bbr/CHI-2024.png
Derrick White,Boston Celtics,ES,28,58,57,1873,5,10,2,6,2,4,1,2,0.8981214069100123,3,4,1,14,22.64129225364406,5856089,18107143,"5856089,204566422",https://cdn.ssref.net/req/202312151/tlogo/bbr/BOS-2024.png
Cam Whitmore,Houston Rockets,AL,18,33,0,585,4,9,1,4,2,4,1,2,0.6702731587841714,2,0,0,11,35.314123118321795,5856089,3218160,"5856089,204566422",https://cdn.ssref.net/req/202312151/tlogo/bbr/HOU-2024.png
Aaron Wiggins,Oklahoma City Thunder,ES,24,59,-1,813,2,3,0,1,1,2,0,0,0.7831979484254873,1,0,0,5,20.095195091640353,5856089,1836096,"5856089,204566422",https://cdn.ssref.net/req/202312151/tlogo/bbr/OKC-2024.png
Andrew Wiggins,Golden State Warriors,AL,27,52,40,1399,4,10,1,3,3,7,1,2,0.7312325585020498,2,1,1,11,22.48243658488291,5856089,24330357,"5856089,204566422",https://cdn.ssref.net/req/202312151/tlogo/bbr/GSW-2024.png
Lindell Wigginton,Milwaukee Bucks,BA,24,-4,-1,-88,0,1,0,0,0,0,0,0,1.000053517913678,0,0,0,1,36.35561959847243,5856089,244502,"5856089,204566422",https://cdn.ssref.net/req/202312151/tlogo/bbr/MIL-2024.png
Jalen Williams,Oklahoma City Thunder,AP,21,56,55,1790,7,13,1,3,5,10,2,3,0.8171753187600423,3,4,1,18,30.48586342981421,5856089,4558680,"5856089,204566422",https://cdn.ssref.net/req/202312151/tlogo/bbr/OKC-2024.png
Jaylin Williams,Oklahoma City Thunder,P,20,49,-1,571,1,2,0,1,0,0,0,0,0.8211726564464606,2,1,0,3,13.28899346607274,5856089,2000000,"5856089,204566422",https://cdn.ssref.net/req/202312151/tlogo/bbr/OKC-2024.png
Kenrich Williams,Oklahoma City Thunder,AP,28,49,0,655,1,3,0,1,0,1,0,0,0.3005194227904821,1,1,0,3,12.324244514555383,5856089,6175000,"5856089,204566422",https://cdn.ssref.net/req/202312151/tlogo/bbr/OKC-2024.png
Mark Williams,Charlotte Hornets,P,21,13,17,429,4,7,0,0,5,7,2,3,0.719240545442795,5,1,0,12,24.223906047013784,5856089,3908160,"5856089,204566422",https://cdn.ssref.net/req/202312151/tlogo/bbr/CHO-2024.png
Patrick Williams,Chicago Bulls,AP,21,40,28,1120,3,7,1,3,2,4,1,1,0.7881946205335101,2,1,1,9,16.702255731993276,5856089,9835881,"5856089,204566422",https://cdn.ssref.net/req/202312151/tlogo/bbr/CHI-2024.png
Robert Williams,Portland Trail Blazers,P,25,0,-1,26,2,3,0,0,2,4,1,1,0.7782012763174644,4,0,1,6,19.274367859330017,5856089,11812501,"5856089,204566422",https://cdn.ssref.net/req/202312151/tlogo/bbr/POR-2024.png
Vince Williams Jr.,Memphis Grizzlies,ES,22,50,31,1392,3,6,1,3,1,3,1,2,0.8001866335927649,4,3,1,9,16.61871665542337,5856089,2486462,"5856089,204566422",https://cdn.ssref.net/req/202312151/tlogo/bbr/MEM-2024.png
Ziaire Williams,Memphis Grizzlies,AL,21,49,13,979,2,7,1,3,1,3,1,1,0.827168662976088,2,1,1,7,18.95333018893806,5856089,4810200,"5856089,204566422",https://cdn.ssref.net/req/202312151/tlogo/bbr/MEM-2024.png
Zion Williamson,New Orleans Pelicans,AP,22,50,50,1552,8,14,0,0,8,14,4,6,0.6952565193242854,3,5,2,21,37.40785415778058,5856089,34005250,"5856089,204566422",https://cdn.ssref.net/req/202312151/tlogo/bbr/NOP-2024.png
Jalen Wilson,Brooklyn Nets,AP,22,21,0,290,1,3,0,1,0,1,0,0,0.9131114232340807,1,0,0,3,14.100603819552097,5856089,707770,"5856089,204566422",https://cdn.ssref.net/req/202312151/tlogo/bbr/BRK-2024.png
James Wiseman,Detroit Pistons,P,21,41,-1,573,2,3,0,0,2,3,0,1,0.6183077688607339,2,0,0,5,20.06305331800674,5856089,12119440,"5856089,204566422",https://cdn.ssref.net/req/202312151/tlogo/bbr/DET-2024.png
Christian Wood,Los Angeles Lakers,AP,27,48,0,807,2,4,0,2,1,2,1,1,0.7022518602755173,4,0,0,6,18.710156656024832,5856089,2709849,"5856089,204566422",https://cdn.ssref.net/req/202312151/tlogo/bbr/LAL-2024.png
Trae Young,Atlanta Hawks,BA,24,49,49,1833,8,19,3,8,4,10,6,7,0.8561493612026205,2,10,4,26,37.47812328620604,5856089,40064220,"5856089,204566422",https://cdn.ssref.net/req/202312151/tlogo/bbr/ATL-2024.png
Omer Yurtseven,Utah Jazz,P,24,31,4,231,1,2,0,0,1,1,0,0,0.5333643430243459,2,0,0,2,16.058638201146145,5856089,2800000,"5856089,204566422",https://cdn.ssref.net/req/202312151/tlogo/bbr/UTA-2024.png
Cody Zeller,New Orleans Pelicans,P,30,36,-1,215,0,1,0,0,0,1,0,0,0.6113124279095019,1,0,0,1,9.969366709375075,5856089,3196448,"5856089,204566422",https://cdn.ssref.net/req/202312151/tlogo/bbr/NOP-2024.png
Ivica Zubac,Los Angeles Clippers,P,25,48,48,1262,4,7,0,0,4,7,1,2,0.6752698308921942,6,1,1,11,21.242009091951918,5856089,10933333,"5856089,204566422",https://cdn.ssref.net/req/202312151/tlogo/bbr/LAC-2024.png
