Player,Salario,Pos,Age,Tm,G,GS,MP,FG,FGA,FG%,3P,3PA,3P%,2P,2PA,2P%,eFG%,FT,FTA,FT%,ORB,DRB,TRB,AST,STL,BLK,TOV,PF,PTS
DeMar DeRozan,27739975,AL,30,SAS,68,68,2316,557,1049,0.531,9,35,0.257,548,1014,0.54,0.535,381,451,0.845,44,331,375,380,70,20,164,180,1504
LaMarcus Aldridge,26000000,P,34,SAS,53,53,1754,391,793,0.493,61,157,0.389,330,636,0.519,0.532,158,191,0.827,103,289,392,129,36,87,74,128,1001
Rudy Gay,14000000,AP,33,SAS,67,5,1461,266,596,0.446,74,220,0.336,192,376,0.511,0.508,120,136,0.882,61,301,362,114,35,33,88,103,726
Patty Mills,12428571,BA,31,SAS,66,1,1485,258,598,0.431,154,403,0.382,104,195,0.533,0.56,97,112,0.866,22,86,108,118,53,6,54,105,767
Marco Belinelli,5846154,ES,33,SAS,57,0,883,123,314,0.392,67,178,0.376,56,136,0.412,0.498,48,58,0.828,7,92,99,69,12,1,19,45,361
Trey Lyles,5500000,AP,24,SAS,63,53,1271,153,343,0.446,65,168,0.387,88,175,0.503,0.541,33,45,0.733,71,290,361,69,28,28,39,98,404
Bryn Forbes,2875000,ES,26,SAS,63,62,1579,242,581,0.417,148,381,0.388,94,200,0.47,0.544,75,90,0.833,12,114,126,108,33,0,57,113,707
Luka Šamanić,2689920,AP,20,SAS,3,1,48,5,16,0.313,3,8,0.375,2,8,0.25,0.406,3,4,0.75,1,9,10,6,0,2,2,6,16
Dejounte Murray,2321735,BA,23,SAS,66,58,1687,294,637,0.462,41,111,0.369,253,526,0.481,0.494,91,114,0.798,69,314,383,271,111,17,125,143,720
Keldon Johnson,1950600,AL,20,SAS,17,1,301,53,89,0.596,13,22,0.591,40,67,0.597,0.669,35,44,0.795,10,47,57,15,14,2,13,28,154
Derrick White,1948080,ES,25,SAS,68,20,1677,253,552,0.458,79,216,0.366,174,336,0.518,0.53,180,211,0.853,35,188,223,241,44,59,89,152,765
Chimezie Metu,1416852,P,22,SAS,18,0,105,24,42,0.571,0,2,0.0,24,40,0.6,0.571,10,13,0.769,12,21,33,10,3,6,10,7,58
Russell Westbrook,38506482,BA,31,HOU,57,57,2049,604,1281,0.472,55,213,0.258,549,1068,0.514,0.493,290,380,0.763,100,351,451,401,93,20,255,200,1553
James Harden,38199000,ES,30,HOU,68,68,2483,672,1514,0.444,299,843,0.355,373,671,0.556,0.543,692,800,0.865,70,376,446,512,125,60,308,227,2335
Eric Gordon,14057730,AL,31,HOU,36,15,1016,171,463,0.369,96,303,0.317,75,160,0.469,0.473,82,107,0.766,9,62,71,54,23,13,43,70,520
Robert Covington,11301219,P,29,TOT,70,68,2137,305,723,0.422,161,480,0.335,144,243,0.593,0.533,99,124,0.798,63,400,463,88,115,93,103,220,870
P.J. Tucker,8349039,AP,34,HOU,72,72,2467,177,426,0.415,107,299,0.358,70,127,0.551,0.541,39,48,0.813,112,364,476,115,77,36,72,229,500
Thabo Sefolosha,2564753,AP,35,HOU,41,0,436,37,91,0.407,15,54,0.278,22,37,0.595,0.489,3,8,0.375,21,72,93,25,24,12,15,43,92
Austin Rivers,2174318,ES,27,HOU,68,4,1594,211,501,0.421,96,270,0.356,115,231,0.498,0.517,78,111,0.703,27,148,175,113,49,10,50,129,596
Ben McLemore,2028594,AL,26,HOU,71,23,1619,242,545,0.444,181,452,0.4,61,93,0.656,0.61,50,67,0.746,21,136,157,58,45,16,50,155,715
Bruno Caboclo,1845301,P,24,TOT,30,0,244,38,89,0.427,6,33,0.182,32,56,0.571,0.461,8,9,0.889,23,37,60,12,15,17,13,31,90
Isaiah Hartenstein,1416852,P,21,HOU,23,2,266,44,67,0.657,0,5,0.0,44,62,0.71,0.657,19,28,0.679,29,61,90,18,9,12,16,41,107
David Nwaba,903111,AL,27,BRK,20,0,268,37,71,0.521,12,28,0.429,25,43,0.581,0.606,18,27,0.667,8,37,45,8,11,12,8,32,104
David Nwaba,1678854,AL,27,BRK,20,0,268,37,71,0.521,12,28,0.429,25,43,0.581,0.606,18,27,0.667,8,37,45,8,11,12,8,32,104
Jeff Green,840427,P,33,TOT,48,4,960,159,344,0.462,62,183,0.339,97,161,0.602,0.552,73,91,0.802,24,109,133,50,26,19,42,89,453
Jeff Green,2564753,P,33,TOT,48,4,960,159,344,0.462,62,183,0.339,97,161,0.602,0.552,73,91,0.802,24,109,133,50,26,19,42,89,453
Gary Clark,708426,AP,25,TOT,42,5,567,54,133,0.406,39,111,0.351,15,22,0.682,0.553,9,10,0.9,37,73,110,17,6,22,10,46,156
Gary Clark,718765,AP,25,TOT,42,5,567,54,133,0.406,39,111,0.351,15,22,0.682,0.553,9,10,0.9,37,73,110,17,6,22,10,46,156
Chris Clemons,563347,ES,22,HOU,33,0,291,57,142,0.401,37,107,0.346,20,35,0.571,0.532,10,11,0.909,4,26,30,27,9,6,19,26,161
Luc Mbah a Moute,289803,AP,33,HOU,3,0,25,2,5,0.4,0,2,0.0,2,3,0.667,0.4,1,2,0.5,1,1,2,0,2,0,1,0,5
Damian Lillard,29802321,BA,29,POR,66,66,2474,624,1349,0.463,270,674,0.401,354,675,0.524,0.563,460,518,0.888,33,251,284,530,70,22,194,114,1978
CJ McCollum,27556959,ES,28,POR,70,70,2556,611,1356,0.451,194,512,0.379,417,844,0.494,0.522,140,185,0.757,46,251,297,310,54,42,127,183,1556
Hassan Whiteside,27093018,P,30,POR,67,61,2008,436,702,0.621,4,7,0.571,432,695,0.622,0.624,164,239,0.686,258,647,905,78,26,196,120,196,1040
Trevor Ariza,12200000,AL,34,TOT,53,21,1493,142,324,0.438,77,207,0.372,65,117,0.556,0.557,62,74,0.838,34,212,246,91,69,15,56,111,423
Jusuf Nurkić,12000000,P,25,POR,8,8,253,54,109,0.495,2,10,0.2,52,99,0.525,0.505,31,35,0.886,23,59,82,32,11,16,19,39,141
Rodney Hood,5718000,AL,27,POR,21,21,619,87,172,0.506,35,71,0.493,52,101,0.515,0.608,21,27,0.778,10,62,72,32,17,4,19,46,230
Zach Collins,4240200,AP,22,POR,11,11,290,32,68,0.471,7,19,0.368,25,49,0.51,0.522,6,8,0.75,25,44,69,16,5,5,14,36,77
Carmelo Anthony,2159029,AP,35,POR,58,58,1902,336,782,0.43,87,226,0.385,249,556,0.448,0.485,136,161,0.845,71,297,368,85,49,27,100,171,895
Anfernee Simons,2149560,ES,20,POR,70,4,1449,214,536,0.399,75,226,0.332,139,310,0.448,0.469,76,92,0.826,25,127,152,97,26,10,61,135,579
Nassir Little,2105520,AP,19,POR,48,5,573,65,151,0.43,14,59,0.237,51,92,0.554,0.477,28,44,0.636,31,77,108,22,13,14,15,72,172
Caleb Swanigan,2033160,P,22,TOT,27,1,288,28,47,0.596,0,2,0.0,28,45,0.622,0.596,9,17,0.529,27,73,100,31,3,7,37,62,65
Mario Hezonja,1737145,AP,24,POR,53,4,871,92,218,0.422,24,78,0.308,68,140,0.486,0.477,48,59,0.814,30,154,184,50,36,9,42,107,256
Wenyen Gabriel,1445697,AP,22,TOT,30,1,235,21,48,0.438,6,20,0.3,15,28,0.536,0.5,15,22,0.682,21,31,52,8,11,7,16,39,63
Mike Conley,32511623,BA,32,UTA,47,41,1363,232,567,0.409,96,256,0.375,136,311,0.437,0.494,115,139,0.827,33,118,151,208,36,5,92,104,675
Bojan Bogdanović,17000000,AL,30,UTA,63,63,2083,418,935,0.447,189,457,0.414,229,478,0.479,0.548,250,277,0.903,39,220,259,131,34,7,159,110,1275
Jordan Clarkson,13437500,ES,27,TOT,71,2,1705,394,867,0.454,152,413,0.368,242,454,0.533,0.542,138,165,0.836,50,137,187,136,46,16,97,108,1078
Joe Ingles,11207387,AP,32,UTA,72,45,2137,246,553,0.445,141,353,0.399,105,200,0.525,0.572,74,94,0.787,27,251,278,373,65,11,142,154,707
Donovan Mitchell,3635760,ES,23,UTA,69,69,2364,602,1342,0.449,173,473,0.366,429,869,0.494,0.513,278,322,0.863,53,251,304,294,70,14,184,172,1655
Tony Bradley,1962360,P,22,UTA,58,3,663,126,189,0.667,3,3,1.0,123,186,0.661,0.675,30,46,0.652,111,156,267,23,14,33,30,115,285
Emmanuel Mudiay,1737145,BA,23,UTA,54,2,850,151,327,0.462,30,87,0.345,121,240,0.504,0.508,63,83,0.759,18,108,126,116,24,10,76,72,395
Georges Niang,1678854,AP,26,UTA,66,1,923,141,322,0.438,90,225,0.4,51,97,0.526,0.578,20,24,0.833,15,112,127,44,18,5,30,75,392
Royce O'Neale,1618520,AL,26,UTA,71,62,2049,158,365,0.433,92,244,0.377,66,121,0.545,0.559,42,55,0.764,27,362,389,180,59,32,61,202,450
Nigel Williams-Goss,1500000,BA,25,UTA,10,0,50,5,16,0.313,2,7,0.286,3,9,0.333,0.375,2,2,1.0,2,4,6,6,3,1,3,6,14
Miye Oni,842166,AL,22,UTA,10,1,109,12,32,0.375,7,19,0.368,5,13,0.385,0.484,4,5,0.8,5,12,17,4,4,2,4,9,35
Juwan Morgan,746054,AP,22,UTA,21,0,134,15,26,0.577,3,8,0.375,12,18,0.667,0.635,3,4,0.75,10,19,29,6,1,2,6,19,36
Rayjon Tucker,578573,ES,22,UTA,20,0,161,20,43,0.465,3,17,0.176,17,26,0.654,0.5,19,23,0.826,3,17,20,5,1,1,8,10,62
Kristaps Porziņģis,27285000,P,24,DAL,57,57,1814,398,932,0.427,142,403,0.352,256,529,0.484,0.503,226,283,0.799,100,440,540,102,41,115,92,185,1164
Courtney Lee,12759670,ES,34,DAL,24,9,345,40,82,0.488,21,47,0.447,19,35,0.543,0.616,6,7,0.857,7,25,32,12,18,6,11,33,107
Dwight Powell,10259375,P,28,DAL,40,37,1061,146,229,0.638,10,39,0.256,136,190,0.716,0.659,74,111,0.667,75,152,227,59,34,22,36,102,376
Delon Wright,9473684,BA,27,DAL,73,5,1570,190,411,0.462,47,127,0.37,143,284,0.504,0.519,77,100,0.77,70,210,280,244,85,22,73,93,504
Maxi Kleber,8000000,AP,28,DAL,74,21,1890,237,514,0.461,119,319,0.373,118,195,0.605,0.577,79,93,0.849,112,276,388,88,25,83,58,176,672
Luka Dončić,7683360,BA,20,DAL,61,61,2047,581,1255,0.463,171,541,0.316,410,714,0.574,0.531,426,562,0.758,78,495,573,538,62,14,260,153,1759
Seth Curry,7461380,ES,29,DAL,64,25,1576,284,574,0.495,145,321,0.452,139,253,0.549,0.621,80,97,0.825,27,118,145,124,38,9,62,113,793
Dorian Finney-Smith,4000000,AP,26,DAL,71,68,2120,243,522,0.466,114,303,0.376,129,219,0.589,0.575,78,108,0.722,145,260,405,114,45,39,69,178,678
Boban Marjanović,3500000,P,31,DAL,44,5,422,121,211,0.573,4,17,0.235,117,194,0.603,0.583,43,57,0.754,66,131,197,20,8,10,30,56,289
Justin Jackson,3280920,AP,24,DAL,65,3,1045,135,341,0.396,48,163,0.294,87,178,0.489,0.466,42,50,0.84,27,127,154,52,15,10,14,69,360
J.J. Barea,2564753,BA,35,DAL,29,6,450,85,207,0.411,32,85,0.376,53,122,0.434,0.488,20,22,0.909,10,43,53,112,5,2,38,27,222
Willie Cauley-Stein,2177483,P,26,TOT,54,39,1097,175,302,0.579,0,1,0.0,175,301,0.581,0.579,40,66,0.606,84,231,315,70,49,61,40,121,390
Jalen Brunson,1416852,BA,23,DAL,57,16,1022,181,388,0.466,43,120,0.358,138,268,0.515,0.522,61,75,0.813,22,112,134,188,22,4,66,74,466
Ryan Broekhoff,1416852,AL,29,DAL,17,1,180,22,59,0.373,20,51,0.392,2,8,0.25,0.542,7,8,0.875,5,38,43,11,5,4,6,15,71
Michael Kidd-Gilchrist,810763,AP,26,TOT,25,0,281,22,66,0.333,5,20,0.25,17,46,0.37,0.371,11,14,0.786,14,53,67,14,2,6,16,37,60
Michael Kidd-Gilchrist,12189237,AP,26,TOT,25,0,281,22,66,0.333,5,20,0.25,17,46,0.37,0.371,11,14,0.786,14,53,67,14,2,6,16,37,60
Trey Burke,229220,BA,27,TOT,33,1,520,94,209,0.45,32,75,0.427,62,134,0.463,0.526,23,29,0.793,16,34,50,83,16,2,21,33,243
Trey Burke,2028594,BA,27,TOT,33,1,520,94,209,0.45,32,75,0.427,62,134,0.463,0.526,23,29,0.793,16,34,50,83,16,2,21,33,243
Jrue Holiday,26131111,ES,29,NOP,61,61,2117,458,1006,0.455,122,346,0.353,336,660,0.509,0.516,129,182,0.709,77,216,293,408,99,48,184,145,1167
Derrick Favors,17650000,P,28,NOP,51,49,1243,209,339,0.617,1,7,0.143,208,332,0.627,0.618,40,71,0.563,163,338,501,81,30,46,55,107,459
Zion Williamson,9757440,AP,19,NOP,24,24,668,210,360,0.583,6,14,0.429,204,346,0.59,0.592,114,178,0.64,64,86,150,50,16,9,59,42,540
Lonzo Ball,8719320,BA,22,NOP,63,54,2025,277,687,0.403,148,395,0.375,129,292,0.442,0.511,43,76,0.566,71,312,383,438,88,38,193,128,745
E'Twaun Moore,8664928,ES,30,NOP,56,6,1020,186,437,0.426,63,167,0.377,123,270,0.456,0.498,31,45,0.689,31,100,131,78,32,11,40,80,466
Brandon Ingram,7265485,AP,22,NOP,62,62,2104,507,1096,0.463,150,384,0.391,357,712,0.501,0.531,313,368,0.851,51,329,380,259,61,38,189,179,1477
Jaxson Hayes,4862040,P,19,NOP,64,14,1080,174,259,0.672,1,4,0.25,173,255,0.678,0.674,123,190,0.647,97,162,259,56,26,55,53,161,472
Nicolò Melli,4102564,P,29,NOP,60,8,1042,136,323,0.421,69,206,0.335,67,117,0.573,0.528,54,73,0.74,38,142,180,82,34,23,46,124,395
Nickeil Alexander-Walker,2964840,ES,21,NOP,47,1,591,98,266,0.368,46,133,0.346,52,133,0.391,0.455,25,37,0.676,9,75,84,89,17,8,54,57,267
Josh Hart,1934160,AL,24,NOP,65,16,1755,225,532,0.423,121,354,0.342,104,178,0.584,0.537,85,115,0.739,61,364,425,108,63,23,75,160,656
Jahlil Okafor,1702486,P,24,NOP,30,9,467,101,162,0.623,1,3,0.333,100,159,0.629,0.627,40,62,0.645,48,79,127,37,7,22,38,67,243
Frank Jackson,1618520,BA,21,NOP,59,2,797,134,331,0.405,47,144,0.326,87,187,0.465,0.476,56,75,0.747,22,61,83,61,17,4,49,77,371
Kenrich Williams,1416852,AP,25,NOP,39,18,832,51,147,0.347,25,97,0.258,26,50,0.52,0.432,9,26,0.346,51,135,186,57,27,21,22,88,136
Sindarius Thornwell,183115,AL,25,NOP,2,0,35,6,11,0.545,2,4,0.5,4,7,0.571,0.636,2,4,0.5,0,4,4,4,1,1,2,2,16
Chris Paul,38506482,BA,34,OKC,70,70,2208,434,887,0.489,111,304,0.365,323,583,0.554,0.552,253,279,0.907,26,323,349,472,111,11,161,158,1232
Steven Adams,25842697,P,26,OKC,63,63,1680,283,478,0.592,1,3,0.333,282,475,0.594,0.593,117,201,0.582,207,376,583,146,51,67,94,122,684
Danilo Gallinari,22615559,AP,31,OKC,62,62,1834,358,817,0.438,178,439,0.405,180,378,0.476,0.547,266,298,0.893,34,288,322,119,42,5,76,75,1160
Dennis Schröder,15500000,BA,26,OKC,65,2,1999,453,965,0.469,125,325,0.385,328,640,0.513,0.534,198,236,0.839,19,217,236,262,45,14,166,146,1229
Andre Roberson,10740741,AL,28,OKC,7,0,87,8,29,0.276,3,14,0.214,5,15,0.333,0.328,1,2,0.5,7,20,27,4,1,3,2,13,20
Shai Gilgeous-Alexander,3952920,ES,21,OKC,70,70,2428,478,1015,0.471,87,251,0.347,391,764,0.512,0.514,288,357,0.807,47,365,412,232,79,47,134,117,1331
Terrance Ferguson,2475840,AL,21,OKC,56,38,1257,78,220,0.355,49,168,0.292,29,52,0.558,0.466,15,20,0.75,23,51,74,51,27,17,31,155,220
Darius Bazley,2284800,AP,19,OKC,61,9,1130,125,317,0.394,49,141,0.348,76,176,0.432,0.472,43,62,0.694,30,216,246,41,23,41,45,55,342
Mike Muscala,2028594,P,28,OKC,47,2,572,77,189,0.407,54,143,0.378,23,46,0.5,0.55,18,22,0.818,16,92,108,40,9,12,17,58,226
Nerlens Noel,2028594,P,25,OKC,61,7,1127,184,269,0.684,1,3,0.333,183,266,0.688,0.686,80,106,0.755,91,209,300,57,59,91,66,166,449
Abdel Nader,1618520,AL,26,OKC,55,6,867,123,263,0.468,48,128,0.375,75,135,0.556,0.559,51,66,0.773,14,86,100,38,23,20,43,78,345
Deonte Burton,1416852,AL,26,OKC,39,0,356,43,125,0.344,10,53,0.189,33,72,0.458,0.384,8,14,0.571,7,50,57,17,7,10,19,34,104
Hamidou Diallo,1416852,AL,21,OKC,46,3,896,132,296,0.446,16,57,0.281,116,239,0.485,0.473,38,63,0.603,44,123,167,36,37,9,51,101,318
Patrick Patterson,737067,AP,30,LAC,59,18,776,95,233,0.408,67,172,0.39,28,61,0.459,0.552,35,43,0.814,35,116,151,41,7,3,21,54,292
Patrick Patterson,2331593,AP,30,LAC,59,18,776,95,233,0.408,67,172,0.39,28,61,0.459,0.552,35,43,0.814,35,116,151,41,7,3,21,54,292
Luguentz Dort,155647,AL,20,OKC,36,28,820,86,218,0.394,30,101,0.297,56,117,0.479,0.463,42,53,0.792,24,57,81,27,31,4,22,97,244
Karl-Anthony Towns,27285000,P,24,MIN,35,35,1187,316,622,0.508,114,277,0.412,202,345,0.586,0.6,180,226,0.796,95,283,378,153,33,42,110,117,926
D'Angelo Russell,27285000,BA,23,TOT,45,45,1452,360,846,0.426,158,431,0.367,202,415,0.487,0.519,161,199,0.809,17,160,177,285,48,13,147,86,1039
Evan Turner,18606557,ES,31,ATL,19,0,251,25,67,0.373,0,5,0.0,25,62,0.403,0.373,12,14,0.857,8,30,38,38,9,8,26,20,62
Allen Crabbe,17818456,AL,27,TOT,37,1,653,63,177,0.356,36,119,0.303,27,58,0.466,0.458,10,14,0.714,11,66,77,33,15,4,17,47,172
James Johnson,15349400,P,32,TOT,32,1,619,103,215,0.479,33,91,0.363,70,124,0.565,0.556,31,48,0.646,25,93,118,74,25,32,48,80,270
Jarrett Culver,5813640,ES,20,MIN,63,35,1506,230,569,0.404,66,221,0.299,164,348,0.471,0.462,54,117,0.462,70,142,212,110,57,38,81,125,580
Jake Layman,3581986,AL,25,MIN,23,2,505,81,179,0.453,24,72,0.333,57,107,0.533,0.52,24,32,0.75,17,40,57,15,17,10,24,47,210
Juancho Hernangómez,3321030,AP,24,TOT,48,14,833,100,247,0.405,44,129,0.341,56,118,0.475,0.494,44,71,0.62,43,154,197,40,19,9,32,64,288
Malik Beasley,2731714,ES,23,TOT,55,14,1209,227,534,0.425,107,276,0.388,120,258,0.465,0.525,54,66,0.818,18,130,148,75,40,8,57,77,615
Josh Okogie,2530680,ES,21,MIN,62,28,1547,170,398,0.427,41,154,0.266,129,244,0.529,0.479,152,191,0.796,87,181,268,99,68,26,87,139,533
Jacob Evans,1925880,ES,22,TOT,29,1,418,45,134,0.336,13,39,0.333,32,95,0.337,0.384,25,29,0.862,9,32,41,31,11,12,25,41,128
Omari Spellman,1897800,P,22,GSW,49,3,886,127,295,0.431,43,110,0.391,84,185,0.454,0.503,73,92,0.793,77,142,219,47,33,24,54,63,370
Jarred Vanderbilt,1416852,AP,20,TOT,11,0,46,5,8,0.625,0,1,0.0,5,7,0.714,0.625,2,2,1.0,3,6,9,2,3,1,7,6,12
Jaylen Nowell,1400000,ES,20,MIN,15,0,151,19,53,0.358,3,26,0.115,16,27,0.593,0.387,16,17,0.941,3,10,13,19,3,1,3,11,57
Naz Reid,898310,P,20,MIN,30,11,495,100,243,0.412,32,97,0.33,68,146,0.466,0.477,37,53,0.698,34,90,124,35,19,22,22,83,269
LeBron James,37436858,BA,35,LAL,67,67,2316,643,1303,0.493,148,425,0.348,495,878,0.564,0.55,264,381,0.693,66,459,525,684,78,36,261,118,1698
Anthony Davis,27093019,AP,26,LAL,62,62,2131,551,1096,0.503,72,218,0.33,479,878,0.546,0.536,444,525,0.846,142,435,577,200,91,143,154,156,1618
Danny Green,14634146,ES,32,LAL,68,68,1687,197,474,0.416,120,327,0.367,77,147,0.524,0.542,33,48,0.688,51,174,225,91,85,32,63,136,547
Kentavious Caldwell-Pope,8089282,ES,26,LAL,69,26,1762,237,507,0.467,92,239,0.385,145,268,0.541,0.558,79,102,0.775,38,104,142,111,57,14,62,128,645
Avery Bradley,4767000,ES,29,LAL,49,44,1186,170,383,0.444,63,173,0.364,107,210,0.51,0.526,20,24,0.833,18,97,115,63,43,5,47,110,423
Avery Bradley,2000000,ES,29,LAL,49,44,1186,170,383,0.444,63,173,0.364,107,210,0.51,0.526,20,24,0.833,18,97,115,63,43,5,47,110,423
JaVale McGee,4000000,P,32,LAL,68,68,1130,195,306,0.637,3,6,0.5,192,300,0.64,0.642,53,82,0.646,125,265,390,37,36,94,55,159,446
Quinn Cook,3000000,BA,26,LAL,44,1,508,91,214,0.425,31,85,0.365,60,129,0.465,0.498,11,14,0.786,11,40,51,49,12,2,33,27,224
Alex Caruso,2750000,BA,25,LAL,64,2,1175,120,291,0.412,40,120,0.333,80,171,0.468,0.481,69,94,0.734,17,106,123,124,70,18,53,98,349
Jared Dudley,2564753,AP,34,LAL,45,1,364,24,60,0.4,18,42,0.429,6,18,0.333,0.55,2,2,1.0,6,46,52,28,15,3,8,41,68
Rajon Rondo,2564753,BA,33,LAL,48,3,984,137,328,0.418,41,125,0.328,96,203,0.473,0.48,27,41,0.659,23,119,142,240,40,2,91,58,342
Dwight Howard,2564753,P,34,LAL,69,2,1306,202,277,0.729,3,5,0.6,199,272,0.732,0.735,110,214,0.514,172,335,507,45,31,79,84,222,517
Dwight Howard,3039097,P,34,LAL,69,2,1306,202,277,0.729,3,5,0.6,199,272,0.732,0.735,110,214,0.514,172,335,507,45,31,79,84,222,517
Troy Daniels,2028594,ES,28,TOT,47,0,532,72,186,0.387,46,132,0.348,26,54,0.481,0.511,10,16,0.625,12,40,52,17,11,3,12,37,200
Troy Daniels,481000,ES,28,TOT,47,0,532,72,186,0.387,46,132,0.348,26,54,0.481,0.511,10,16,0.625,12,40,52,17,11,3,12,37,200
Kyle Kuzma,1974600,AP,24,LAL,61,9,1526,291,668,0.436,86,272,0.316,205,396,0.518,0.5,114,155,0.735,52,221,273,80,28,26,91,126,782
Markieff Morris,1750000,AP,30,TOT,58,17,1187,203,458,0.443,88,228,0.386,115,230,0.5,0.539,66,85,0.776,40,178,218,77,31,17,76,133,560
Markieff Morris,2241808,AP,30,TOT,58,17,1187,203,458,0.443,88,228,0.386,115,230,0.5,0.539,66,85,0.776,40,178,218,77,31,17,76,133,560
Talen Horton-Tucker,898310,ES,19,LAL,6,1,81,14,30,0.467,4,13,0.308,10,17,0.588,0.533,2,4,0.5,2,5,7,6,8,1,6,10,34
Dion Waiters,503656,ES,28,TOT,10,0,207,41,99,0.414,15,47,0.319,26,52,0.5,0.49,14,17,0.824,2,22,24,20,4,6,16,21,111
Dion Waiters,12100000,ES,28,TOT,10,0,207,41,99,0.414,15,47,0.319,26,52,0.5,0.49,14,17,0.824,2,22,24,20,4,6,16,21,111
J.R. Smith,289803,ES,34,LAL,6,0,79,7,22,0.318,1,11,0.091,6,11,0.545,0.341,2,2,1.0,0,5,5,3,1,0,4,5,17
J.R. Smith,1456667,ES,34,LAL,6,0,79,7,22,0.318,1,11,0.091,6,11,0.545,0.341,2,2,1.0,0,5,5,3,1,0,4,5,17
Stephen Curry,40231758,BA,31,GSW,5,5,139,33,82,0.402,12,49,0.245,21,33,0.636,0.476,26,26,1.0,4,22,26,33,5,2,16,11,104
Andrew Wiggins,27504630,AL,24,TOT,54,54,1858,437,978,0.447,111,334,0.332,326,644,0.506,0.504,190,268,0.709,66,208,274,198,45,53,132,127,1175
Draymond Green,18539130,AP,29,GSW,43,43,1222,123,316,0.389,36,129,0.279,87,187,0.465,0.446,63,83,0.759,23,243,266,266,59,33,98,110,345
Kevon Looney,4464286,P,23,GSW,20,4,262,29,79,0.367,1,14,0.071,28,65,0.431,0.373,9,12,0.75,28,38,66,20,12,6,12,34,68
Jordan Poole,1964760,ES,20,GSW,57,14,1274,167,502,0.333,74,265,0.279,93,237,0.392,0.406,95,119,0.798,9,109,118,134,35,10,74,94,503
Marquese Chriss,1413272,AP,22,GSW,59,21,1196,210,385,0.545,8,39,0.205,202,346,0.584,0.556,120,156,0.769,114,251,365,114,39,62,78,122,548
Alen Smailagić,898310,P,19,GSW,14,0,139,20,40,0.5,3,13,0.231,17,27,0.63,0.538,16,19,0.842,10,17,27,13,3,4,11,14,59
Eric Paschall,898310,AP,23,GSW,60,26,1654,318,640,0.497,37,129,0.287,281,511,0.55,0.526,164,212,0.774,82,193,275,127,32,13,94,125,837
Damion Lee,842327,ES,27,GSW,49,36,1423,213,511,0.417,85,239,0.356,128,272,0.471,0.5,110,126,0.873,32,207,239,133,50,6,67,116,621
Ky Bowman,350189,BA,22,GSW,45,12,1015,134,321,0.417,33,107,0.308,101,214,0.472,0.469,34,41,0.829,24,97,121,131,44,10,70,102,335
Juan Toscano-Anderson,350189,ES,26,GSW,13,6,272,29,63,0.46,8,23,0.348,21,40,0.525,0.524,3,5,0.6,9,43,52,26,13,5,16,30,69
Mychal Mulder,238534,AL,25,GSW,7,3,204,26,67,0.388,16,52,0.308,10,15,0.667,0.507,9,12,0.75,3,20,23,8,2,1,5,20,77
Dragan Bender,189702,P,22,TOT,16,3,286,41,92,0.446,15,43,0.349,26,49,0.531,0.527,10,14,0.714,16,57,73,28,4,9,21,42,107
Dragan Bender,1678854,P,22,TOT,16,3,286,41,92,0.446,15,43,0.349,26,49,0.531,0.527,10,14,0.714,16,57,73,28,4,9,21,42,107
Chasson Randle,91557,BA,26,GSW,3,0,40,0,4,0.0,0,2,0.0,0,2,0.0,0.0,5,6,0.833,0,2,2,5,2,0,0,3,5
Jeremy Pargo,91557,BA,33,GSW,3,0,44,11,22,0.5,3,7,0.429,8,15,0.533,0.568,0,1,0.0,1,2,3,8,1,0,4,8,25
Zach Norvell,50752,ES,22,TOT,5,0,41,3,12,0.25,3,8,0.375,0,4,0.0,0.375,1,1,1.0,0,6,6,3,2,0,3,4,10
Paul George,33005556,AL,29,LAC,48,48,1419,343,782,0.439,157,381,0.412,186,401,0.464,0.539,190,217,0.876,24,248,272,185,68,20,125,113,1033
Kawhi Leonard,32742000,AL,28,LAC,57,57,1848,532,1133,0.47,123,325,0.378,409,808,0.506,0.524,356,402,0.886,54,348,402,280,103,33,149,113,1543
Marcus Morris,15000000,AP,30,TOT,62,62,1936,355,810,0.438,142,348,0.408,213,462,0.461,0.526,181,220,0.823,59,252,311,86,47,30,97,180,1033
Patrick Beverley,12345679,BA,31,LAC,51,50,1342,147,341,0.431,80,206,0.388,67,135,0.496,0.548,31,47,0.66,57,209,266,183,54,25,66,156,405
Lou Williams,8000000,BA,33,LAC,65,8,1864,391,936,0.418,111,315,0.352,280,621,0.451,0.477,292,339,0.861,31,170,201,365,43,12,182,80,1185
Ivica Zubac,6481482,P,22,LAC,72,70,1326,236,385,0.613,0,2,0.0,236,383,0.616,0.613,124,166,0.747,197,346,543,82,16,66,61,168,596
Montrezl Harrell,6000000,P,26,LAC,63,2,1749,471,812,0.58,0,18,0.0,471,794,0.593,0.58,231,351,0.658,163,282,445,107,39,72,108,146,1173
Rodney McGruder,4807693,ES,28,LAC,56,4,871,72,181,0.398,24,89,0.27,48,92,0.522,0.464,19,34,0.559,29,122,151,36,26,8,24,74,187
JaMychal Green,4767000,AP,29,LAC,63,1,1307,151,352,0.429,92,238,0.387,59,114,0.518,0.56,36,48,0.75,77,311,388,49,29,24,54,174,430
Isaiah Thomas,2320044,BA,30,WAS,40,37,925,174,426,0.408,78,189,0.413,96,237,0.405,0.5,62,76,0.816,11,57,68,146,13,6,77,77,488
Landry Shamet,1995120,ES,22,LAC,53,30,1452,158,391,0.404,111,296,0.375,47,95,0.495,0.546,65,76,0.855,6,94,100,99,20,10,42,142,492
Mfiondu Kabengele,1977000,P,22,LAC,12,0,64,14,32,0.438,9,20,0.45,5,12,0.417,0.578,5,5,1.0,1,10,11,2,2,2,2,9,42
Terance Mann,1000000,AL,23,LAC,41,6,362,37,79,0.468,7,20,0.35,30,59,0.508,0.513,18,27,0.667,10,45,55,53,11,5,18,46,99
Reggie Jackson,734025,BA,29,TOT,31,16,743,134,326,0.411,57,145,0.393,77,181,0.425,0.498,45,54,0.833,17,75,92,126,13,5,51,59,370
Reggie Jackson,17286956,BA,29,TOT,31,16,743,134,326,0.411,57,145,0.393,77,181,0.425,0.498,45,54,0.833,17,75,92,126,13,5,51,59,370
Devin Booker,27285000,ES,23,PHO,70,70,2512,627,1283,0.489,141,398,0.354,486,885,0.549,0.544,468,509,0.919,29,268,297,456,49,18,264,213,1863
Tyler Johnson,19245370,BA,27,TOT,39,7,709,97,250,0.388,38,119,0.319,59,131,0.45,0.464,42,50,0.84,18,58,76,74,16,9,29,58,274
Tyler Johnson,212753,BA,27,TOT,39,7,709,97,250,0.388,38,119,0.319,59,131,0.45,0.464,42,50,0.84,18,58,76,74,16,9,29,58,274
Ricky Rubio,16200000,BA,29,PHO,65,65,2016,287,692,0.415,78,216,0.361,209,476,0.439,0.471,195,226,0.863,46,258,304,570,94,11,173,167,847
Deandre Ayton,9562920,P,21,PHO,38,32,1236,310,568,0.546,3,13,0.231,307,555,0.553,0.548,67,89,0.753,147,289,436,72,26,58,80,117,690
Aron Baynes,5453280,P,33,PHO,42,28,934,183,381,0.48,59,168,0.351,124,213,0.582,0.558,56,75,0.747,71,166,237,67,10,23,50,141,481
Frank Kaminsky,4767000,P,26,PHO,39,13,777,138,307,0.45,41,124,0.331,97,183,0.53,0.516,61,90,0.678,35,141,176,75,14,10,37,75,378
Mikal Bridges,4161000,AL,23,PHO,73,32,2042,247,484,0.51,70,194,0.361,177,290,0.61,0.583,103,122,0.844,66,226,292,129,102,46,73,163,667
Cameron Johnson,4033440,AP,23,PHO,57,9,1255,176,405,0.435,106,272,0.39,70,133,0.526,0.565,46,57,0.807,49,138,187,69,36,20,32,88,504
Dario Šarić,3481986,AP,25,PHO,66,51,1632,256,538,0.476,84,235,0.357,172,303,0.568,0.554,108,128,0.844,100,306,406,123,37,16,88,156,704
Kyle Korver,3440000,AL,38,MIL,58,1,960,126,293,0.43,99,237,0.418,27,56,0.482,0.599,35,41,0.854,15,107,122,68,26,12,48,78,386
Kyle Korver,2564753,AL,38,MIL,58,1,960,126,293,0.43,99,237,0.418,27,56,0.482,0.599,35,41,0.854,15,107,122,68,26,12,48,78,386
Ty Jerome,2193480,ES,22,PHO,31,0,328,38,113,0.336,14,50,0.28,24,63,0.381,0.398,12,16,0.75,7,39,46,44,15,3,18,29,102
Cheick Diallo,1678854,P,23,PHO,47,2,479,92,142,0.648,1,3,0.333,91,139,0.655,0.651,34,39,0.872,30,101,131,22,11,12,32,55,219
Jevon Carter,1416852,BA,24,PHO,58,2,945,101,243,0.416,62,146,0.425,39,97,0.402,0.543,23,27,0.852,30,88,118,84,47,17,32,86,287
Elie Okobo,1416852,BA,22,PHO,55,3,719,72,181,0.398,25,71,0.352,47,110,0.427,0.467,50,71,0.704,16,74,90,115,24,4,38,54,219
Jalen Lecque,898310,ES,19,PHO,5,0,32,4,10,0.4,0,4,0.0,4,6,0.667,0.4,2,2,1.0,0,2,2,2,0,0,2,3,10
Cameron Payne,196288,ES,25,PHO,8,0,183,33,68,0.485,15,29,0.517,18,39,0.462,0.596,6,7,0.857,4,27,31,24,8,2,11,20,87
Cameron Payne,150000,ES,25,PHO,8,0,183,33,68,0.485,15,29,0.517,18,39,0.462,0.596,6,7,0.857,4,27,31,24,8,2,11,20,87
Jonah Bolden,81678,P,24,TOT,7,0,47,4,11,0.364,0,4,0.0,4,7,0.571,0.364,2,4,0.5,3,6,9,0,3,2,2,10,10
Jonah Bolden,1698450,P,24,TOT,7,0,47,4,11,0.364,0,4,0.0,4,7,0.571,0.364,2,4,0.5,3,6,9,0,3,2,2,10,10
Harrison Barnes,24147727,AP,27,SAC,72,72,2482,365,793,0.46,102,268,0.381,263,525,0.501,0.525,214,267,0.801,77,278,355,159,43,12,88,93,1046
Kent Bazemore,19269662,AL,30,TOT,68,21,1688,200,534,0.375,84,244,0.344,116,290,0.4,0.453,113,147,0.769,27,267,294,93,74,40,91,196,597
Cory Joseph,12000000,BA,28,SAC,72,26,1759,171,412,0.415,56,159,0.352,115,253,0.455,0.483,60,70,0.857,44,144,188,251,53,21,80,133,458
Bogdan Bogdanović,8529386,ES,27,SAC,61,28,1766,337,766,0.44,164,441,0.372,173,325,0.532,0.547,86,116,0.741,26,181,207,207,64,15,102,133,924
Nemanja Bjelica,6825000,AP,31,SAC,72,67,2011,314,653,0.481,134,320,0.419,180,333,0.541,0.583,69,84,0.821,111,347,458,203,62,40,99,216,831
Jabari Parker,6500000,AP,24,TOT,38,23,917,219,429,0.51,32,119,0.269,187,310,0.603,0.548,61,81,0.753,61,153,214,68,45,16,64,99,531
De'Aaron Fox,6392760,BA,22,SAC,51,49,1634,391,815,0.48,54,185,0.292,337,630,0.535,0.513,241,342,0.705,35,161,196,348,74,25,158,145,1077
Buddy Hield,4861208,ES,27,SAC,72,44,2216,498,1162,0.429,271,688,0.394,227,474,0.479,0.545,115,136,0.846,57,271,328,213,66,17,168,165,1382
Alex Len,4160000,P,26,TOT,55,12,970,177,319,0.555,16,59,0.271,161,260,0.619,0.58,68,105,0.648,100,221,321,50,23,48,55,127,438
Yogi Ferrell,3150000,BA,26,SAC,50,0,530,79,188,0.42,24,79,0.304,55,109,0.505,0.484,36,42,0.857,6,43,49,69,18,4,28,38,218
Harry Giles,2578800,P,21,SAC,46,17,667,139,251,0.554,0,2,0.0,139,249,0.558,0.554,38,49,0.776,43,145,188,60,22,18,44,119,316
Anthony Tolliver,2419852,AP,34,TOT,55,13,872,65,182,0.357,49,145,0.338,16,37,0.432,0.492,21,29,0.724,34,120,154,42,19,11,34,74,200
Anthony Tolliver,434704,AP,34,TOT,55,13,872,65,182,0.357,49,145,0.338,16,37,0.432,0.492,21,29,0.724,34,120,154,42,19,11,34,74,200
Justin James,898310,AL,23,SAC,36,0,232,35,84,0.417,9,29,0.31,26,55,0.473,0.47,10,21,0.476,6,26,32,18,6,9,8,17,89
Corey Brewer,289803,AP,33,SAC,5,0,33,2,4,0.5,0,1,0.0,2,3,0.667,0.5,1,3,0.333,2,6,8,2,4,0,2,7,5
Gorgui Dieng,16229213,P,30,TOT,63,17,1096,166,364,0.456,54,152,0.355,112,212,0.528,0.53,78,101,0.772,91,263,354,73,51,59,60,124,464
Jonas Valančiūnas,16000000,P,27,MEM,70,70,1845,432,739,0.585,32,91,0.352,400,648,0.617,0.606,148,200,0.74,213,575,788,131,30,76,127,185,1044
Justise Winslow,13000000,ES,23,MIA,11,5,352,50,129,0.388,6,27,0.222,44,102,0.431,0.411,18,27,0.667,16,57,73,44,7,5,24,38,124
Kyle Anderson,9073050,AL,26,MEM,67,28,1330,157,331,0.474,24,85,0.282,133,246,0.541,0.511,52,78,0.667,58,227,285,162,54,37,66,111,390
Ja Morant,8730240,BA,20,MEM,67,67,2074,447,937,0.477,60,179,0.335,387,758,0.511,0.509,239,308,0.776,51,208,259,488,58,18,220,110,1193
Tyus Jones,8400000,BA,23,MEM,65,6,1232,197,429,0.459,47,124,0.379,150,305,0.492,0.514,43,58,0.741,9,94,103,285,59,6,55,44,484
Josh Jackson,7059480,AL,22,MEM,22,0,381,70,159,0.44,23,72,0.319,47,87,0.54,0.513,35,50,0.7,11,55,66,35,18,9,28,40,198
Brandon Clarke,2478840,AP,23,MEM,58,4,1300,296,479,0.618,23,64,0.359,273,415,0.658,0.642,85,112,0.759,92,253,345,81,32,48,55,100,700
Grayson Allen,2277563,ES,24,MEM,38,0,718,117,251,0.466,57,141,0.404,60,110,0.545,0.58,39,45,0.867,8,77,85,52,10,2,33,53,330
Jordan Bell,1620564,P,25,TOT,29,0,256,35,67,0.522,4,12,0.333,31,55,0.564,0.552,19,31,0.613,30,51,81,16,3,10,21,19,93
Jordan Bell,250000,P,25,TOT,29,0,256,35,67,0.522,4,12,0.333,31,55,0.564,0.552,19,31,0.613,30,51,81,16,3,10,21,19,93
Dillon Brooks,1618520,ES,24,MEM,73,73,2112,435,1068,0.407,147,411,0.358,288,657,0.438,0.476,164,203,0.808,68,175,243,150,63,27,124,278,1181
De'Anthony Melton,1416852,BA,21,MEM,60,8,1167,161,401,0.401,40,140,0.286,121,261,0.464,0.451,93,121,0.769,43,177,220,175,77,20,84,109,455
Dusty Hannahs,81678,ES,26,MEM,2,0,13,4,9,0.444,2,3,0.667,2,6,0.333,0.556,2,2,1.0,0,1,1,0,0,0,0,1,12
Jarrod Uthoff,81678,AP,26,TOT,7,0,53,7,18,0.389,3,9,0.333,4,9,0.444,0.472,2,2,1.0,2,4,6,0,1,0,0,2,19
Jarrod Uthoff,163356,AP,26,TOT,7,0,53,7,18,0.389,3,9,0.333,4,9,0.444,0.472,2,2,1.0,2,4,6,0,1,0,0,2,19
Paul Millsap,30500000,AP,34,DEN,51,48,1240,211,438,0.482,54,124,0.435,157,314,0.5,0.543,115,141,0.816,98,195,293,83,44,30,70,150,591
Nikola Jokić,26573595,P,24,DEN,73,73,2336,565,1071,0.528,80,255,0.314,485,816,0.594,0.565,246,301,0.817,166,545,711,512,85,44,226,222,1456
Gary Harris,17839286,ES,25,DEN,56,55,1780,218,519,0.42,70,210,0.333,148,309,0.479,0.487,75,92,0.815,26,137,163,118,76,14,60,116,581
Mason Plumlee,14041096,P,29,DEN,61,1,1057,177,288,0.615,0,5,0.0,177,283,0.625,0.615,83,155,0.535,98,219,317,154,33,38,82,143,437
Will Barton,12776786,AL,29,DEN,58,58,1916,332,738,0.45,108,288,0.375,224,450,0.498,0.523,102,133,0.767,76,289,365,212,61,29,88,121,874
Jerami Grant,9346153,AP,25,DEN,71,24,1892,303,634,0.478,98,252,0.389,205,382,0.537,0.555,147,196,0.75,58,190,248,88,50,57,63,154,851
Jamal Murray,4444746,BA,22,DEN,59,59,1904,408,894,0.456,112,324,0.346,296,570,0.519,0.519,163,185,0.881,45,191,236,284,67,17,127,102,1091
Noah Vonleh,2000000,P,24,TOT,36,1,377,52,92,0.565,3,15,0.2,49,77,0.636,0.582,25,32,0.781,37,87,124,28,11,6,21,40,132
Torrey Craig,2000000,AL,29,DEN,58,27,1072,124,269,0.461,45,138,0.326,79,131,0.603,0.545,22,36,0.611,63,126,189,47,23,36,25,135,315
Monte Morris,1588231,BA,24,DEN,73,12,1636,260,566,0.459,65,172,0.378,195,394,0.495,0.517,75,89,0.843,24,113,137,255,55,17,53,73,660
Keita Bates-Diop,1416852,AP,24,TOT,44,0,744,100,234,0.427,34,103,0.33,66,131,0.504,0.5,54,75,0.72,25,102,127,30,19,24,17,43,288
Vlatko Čančar,898310,AP,22,DEN,14,0,45,6,15,0.4,1,6,0.167,5,9,0.556,0.433,4,4,1.0,5,5,10,3,1,1,3,7,17
PJ Dozier,183115,ES,23,DEN,29,0,412,65,157,0.414,17,49,0.347,48,108,0.444,0.468,21,29,0.724,10,45,55,63,14,6,27,45,168
Blake Griffin,34234964,AP,30,DET,18,18,512,88,250,0.352,27,111,0.243,61,139,0.439,0.406,76,98,0.776,17,67,84,59,7,7,40,27,279
Brandon Knight,15643750,ES,28,TOT,25,3,462,59,167,0.353,45,131,0.344,14,36,0.389,0.488,20,34,0.588,4,37,41,69,10,3,38,40,183
Tony Snell,11392857,AL,28,DET,59,57,1641,170,382,0.445,102,254,0.402,68,128,0.531,0.579,32,32,1.0,9,102,111,127,32,15,31,101,474
John Henson,9732396,P,29,TOT,40,8,600,95,171,0.556,8,36,0.222,87,135,0.644,0.579,23,46,0.5,46,116,162,54,24,42,36,78,221
Langston Galloway,7333333,ES,28,DET,66,6,1702,236,542,0.435,132,331,0.399,104,211,0.493,0.557,73,85,0.859,33,116,149,101,48,11,40,96,677
Derrick Rose,7317073,BA,31,DET,50,15,1298,369,753,0.49,45,147,0.306,324,606,0.535,0.52,121,139,0.871,27,94,121,278,40,16,126,49,904
Luke Kennard,3827160,ES,23,DET,28,25,922,151,342,0.442,73,183,0.399,78,159,0.491,0.548,67,75,0.893,9,89,98,115,12,6,43,65,442
Thon Maker,3569643,P,22,DET,60,14,776,93,193,0.482,22,64,0.344,71,129,0.55,0.539,73,110,0.664,54,113,167,43,25,39,45,102,281
Sekou Doumbouya,3285120,AP,19,DET,38,19,754,92,236,0.39,28,98,0.286,64,138,0.464,0.449,31,46,0.674,20,98,118,19,20,8,35,80,243
Tim Frazier,1882867,BA,29,DET,27,11,355,34,94,0.362,10,30,0.333,24,64,0.375,0.415,19,24,0.792,9,24,33,93,14,4,36,42,97
Christian Wood,1645357,AP,24,DET,62,12,1325,288,508,0.567,54,140,0.386,234,368,0.636,0.62,180,242,0.744,104,286,390,60,34,54,84,98,810
Jordan McRae,1645357,ES,28,TOT,37,4,784,149,366,0.407,45,126,0.357,104,240,0.433,0.469,83,109,0.761,18,106,124,93,21,16,43,73,426
Khyri Thomas,1416852,ES,23,DET,8,0,61,5,17,0.294,5,14,0.357,0,3,0.0,0.441,2,4,0.5,1,0,1,3,3,0,3,9,17
Bruce Brown,1416852,BA,23,DET,58,43,1634,198,447,0.443,33,96,0.344,165,351,0.47,0.48,88,119,0.739,61,213,274,230,63,29,100,162,517
Svi Mykhailiuk,1416852,AL,22,DET,56,27,1265,166,405,0.41,115,285,0.404,51,120,0.425,0.552,57,70,0.814,17,87,104,106,41,4,61,87,504
Derrick Walton,81678,BA,24,TOT,26,1,248,18,39,0.462,10,24,0.417,8,15,0.533,0.59,7,9,0.778,2,14,16,27,7,0,5,21,53
Derrick Walton,1445697,BA,24,TOT,26,1,248,18,39,0.462,10,24,0.417,8,15,0.533,0.59,7,9,0.778,2,14,16,27,7,0,5,21,53
Nicolas Batum,25565217,AL,31,CHO,22,3,505,28,81,0.346,14,49,0.286,14,32,0.438,0.432,9,10,0.9,25,75,100,66,17,8,22,41,79
Terry Rozier,19894737,BA,25,CHO,63,63,2164,398,941,0.423,172,423,0.407,226,518,0.436,0.514,166,190,0.874,50,226,276,259,61,10,141,126,1134
Cody Zeller,14471910,P,27,CHO,58,39,1341,251,479,0.524,18,75,0.24,233,404,0.577,0.543,122,179,0.682,160,251,411,88,40,25,75,140,642
Marvin Williams,14049901,AP,33,TOT,58,1,1129,119,267,0.446,56,156,0.359,63,111,0.568,0.551,49,57,0.86,30,153,183,60,36,30,33,103,343
Marvin Williams,956349,AP,33,TOT,58,1,1129,119,267,0.446,56,156,0.359,63,111,0.568,0.551,49,57,0.86,30,153,183,60,36,30,33,103,343
Malik Monk,4028400,ES,21,CHO,55,1,1169,212,488,0.434,58,204,0.284,154,284,0.542,0.494,82,100,0.82,27,130,157,114,25,16,77,74,564
P.J. Washington,3831840,AP,21,CHO,58,57,1759,268,589,0.455,86,230,0.374,182,359,0.507,0.528,88,136,0.647,58,258,316,123,51,44,93,158,710
Miles Bridges,3755400,AL,21,CHO,65,64,1995,319,753,0.424,99,300,0.33,220,453,0.486,0.489,106,131,0.809,88,274,362,114,40,48,95,132,843
Willy Hernangómez,1676735,P,25,CHO,31,0,375,74,139,0.532,5,22,0.227,69,117,0.59,0.55,37,59,0.627,43,91,134,29,10,7,30,32,190
Dwayne Bacon,1618520,ES,24,CHO,39,11,687,85,244,0.348,19,67,0.284,66,177,0.373,0.387,35,53,0.66,15,85,100,52,23,2,37,52,224
Devonte' Graham,1416852,BA,24,CHO,63,53,2211,368,963,0.382,218,585,0.373,150,378,0.397,0.495,191,233,0.82,42,170,212,471,62,15,181,115,1145
Cody Martin,1173310,AL,24,CHO,48,3,903,89,207,0.43,18,77,0.234,71,130,0.546,0.473,42,65,0.646,38,120,158,95,39,9,44,78,238
Jalen McDaniels,898310,AL,22,CHO,16,0,293,33,70,0.471,9,24,0.375,24,46,0.522,0.536,14,17,0.824,15,50,65,13,8,3,11,36,89
Caleb Martin,842166,AL,24,CHO,18,1,317,37,84,0.44,20,37,0.541,17,47,0.362,0.56,17,21,0.81,10,28,38,23,12,7,15,32,111
Joe Chealey,163356,BA,24,CHO,4,0,33,0,7,0.0,0,4,0.0,0,3,0.0,0.0,2,2,1.0,0,0,0,1,4,0,2,2,2
Nikola Vučević,28000000,P,29,ORL,62,62,1998,493,1033,0.477,98,289,0.339,395,744,0.531,0.525,131,167,0.784,140,533,673,222,54,47,88,135,1215
Aaron Gordon,19863636,AP,24,ORL,62,62,2017,335,767,0.437,73,237,0.308,262,530,0.494,0.484,151,224,0.674,107,368,475,228,51,39,100,125,894
Evan Fournier,17000000,AL,27,ORL,66,66,2076,434,929,0.467,173,434,0.399,261,495,0.527,0.56,180,220,0.818,18,153,171,209,71,15,125,161,1221
Terrence Ross,12500000,ES,28,ORL,69,0,1889,341,846,0.403,177,504,0.351,164,342,0.48,0.508,157,184,0.853,13,209,222,82,77,24,70,109,1016
Markelle Fultz,9745200,BA,21,ORL,72,60,1996,359,772,0.465,36,135,0.267,323,637,0.507,0.488,116,159,0.73,41,197,238,369,90,11,147,142,870
Al-Farouq Aminu,9258000,AP,29,ORL,18,2,380,25,86,0.291,9,36,0.25,16,50,0.32,0.343,19,29,0.655,24,63,87,21,18,8,17,27,78
D.J. Augustin,7250000,BA,32,ORL,57,13,1420,184,461,0.399,70,201,0.348,114,260,0.438,0.475,161,181,0.89,22,100,122,262,34,1,86,72,599
Jonathan Isaac,5806440,AP,22,ORL,34,32,980,156,332,0.47,32,94,0.34,124,238,0.521,0.518,60,77,0.779,58,173,231,48,53,78,49,83,404
Khem Birch,3000000,P,27,ORL,48,24,922,73,143,0.51,0,1,0.0,73,142,0.514,0.51,66,101,0.653,91,129,220,50,20,23,31,91,212
Michael Carter-Williams,2028594,ES,28,ORL,45,0,833,111,260,0.427,22,75,0.293,89,185,0.481,0.469,79,95,0.832,46,101,147,109,49,22,52,87,323
Wes Iwundu,1618520,AL,25,ORL,52,21,953,97,233,0.416,28,82,0.341,69,151,0.457,0.476,78,97,0.804,24,107,131,60,25,13,26,80,300
Melvin Frazier,1416852,ES,23,ORL,19,0,126,15,34,0.441,8,16,0.5,7,18,0.389,0.559,2,4,0.5,2,8,10,3,9,2,5,11,40
Josh Magette,81678,BA,30,ORL,8,0,38,5,15,0.333,1,4,0.25,4,11,0.364,0.367,1,2,0.5,1,5,6,5,3,1,5,4,12
Bradley Beal,25399705,ES,26,WAS,57,57,2053,593,1303,0.455,170,481,0.353,423,822,0.515,0.52,385,457,0.842,52,190,242,347,71,23,194,126,1741
Ian Mahinmi,15450051,P,33,WAS,38,35,808,104,210,0.495,5,26,0.192,99,184,0.538,0.507,70,113,0.619,78,140,218,49,31,44,45,114,283
C.J. Miles,8730158,AL,32,WAS,10,0,161,19,59,0.322,11,35,0.314,8,24,0.333,0.415,15,20,0.75,4,8,12,12,10,4,4,14,64
Thomas Bryant,8000000,P,22,WAS,46,36,1147,243,418,0.581,37,91,0.407,206,327,0.63,0.626,86,116,0.741,98,233,331,83,25,49,53,103,609
Dāvis Bertāns,7000000,AP,27,WAS,54,4,1583,265,610,0.434,200,472,0.424,65,138,0.471,0.598,104,122,0.852,35,210,245,92,37,33,59,139,834
Ish Smith,6000000,BA,31,WAS,68,23,1787,308,689,0.447,62,169,0.367,246,520,0.473,0.492,62,86,0.721,30,189,219,334,59,30,95,106,740
Rui Hachimura,4469160,AP,21,WAS,48,48,1444,254,545,0.466,25,87,0.287,229,458,0.5,0.489,116,140,0.829,78,216,294,87,37,8,53,105,649
Jerome Robinson,3567720,ES,22,TOT,63,6,979,115,310,0.371,49,153,0.32,66,157,0.42,0.45,40,57,0.702,13,116,129,87,28,17,49,112,319
Moritz Wagner,2063520,P,22,WAS,45,5,835,145,266,0.545,25,80,0.313,120,186,0.645,0.592,78,95,0.821,56,163,219,56,28,19,66,152,393
Shabazz Napier,1845301,BA,28,TOT,56,32,1344,188,456,0.412,76,240,0.317,112,216,0.519,0.496,126,153,0.824,26,132,158,262,69,11,128,101,578
Isaac Bonga,1416852,AL,20,WAS,66,49,1250,118,234,0.504,25,71,0.352,93,163,0.571,0.558,69,85,0.812,71,151,222,76,45,22,58,156,330
Admiral Schofield,1000000,AP,22,WAS,33,2,368,35,92,0.38,19,61,0.311,16,31,0.516,0.484,10,15,0.667,7,40,47,15,8,4,7,50,99
Anžejs Pasečņiks,482144,P,24,WAS,27,0,437,61,116,0.526,0,3,0.0,61,113,0.54,0.526,34,58,0.586,42,65,107,18,9,12,24,75,156
Jerian Grant,196288,ES,27,WAS,6,0,80,10,27,0.37,2,8,0.25,8,19,0.421,0.407,5,7,0.714,2,4,6,9,1,1,3,11,27
Johnathan Williams,106181,AP,24,WAS,15,6,180,19,34,0.559,0,2,0.0,19,32,0.594,0.559,7,13,0.538,24,40,64,8,1,8,5,16,45
Victor Oladipo,21000000,ES,27,IND,19,16,528,97,246,0.394,33,104,0.317,64,142,0.451,0.461,48,59,0.814,9,66,75,56,17,4,47,36,275
Malcolm Brogdon,20000000,BA,27,IND,54,54,1666,326,744,0.438,75,230,0.326,251,514,0.488,0.489,166,186,0.892,46,216,262,381,35,10,131,98,893
Myles Turner,17500000,P,23,IND,62,62,1826,268,587,0.457,86,250,0.344,182,337,0.54,0.53,127,169,0.751,86,321,407,72,46,132,85,166,749
T.J. Warren,10810000,AL,26,IND,67,67,2202,534,997,0.536,91,226,0.403,443,771,0.575,0.581,167,204,0.819,68,212,280,99,78,34,84,187,1326
Jeremy Lamb,10500000,ES,27,IND,46,42,1291,216,479,0.451,53,158,0.335,163,321,0.508,0.506,92,110,0.836,24,176,200,96,55,22,50,104,577
Doug McDermott,7333334,AP,28,IND,69,0,1372,267,547,0.488,128,294,0.435,139,253,0.549,0.605,48,58,0.828,26,148,174,78,12,5,42,117,710
Justin Holiday,4767000,AL,30,IND,73,6,1826,208,486,0.428,134,331,0.405,74,155,0.477,0.566,53,67,0.791,32,206,238,93,87,46,44,137,603
Domantas Sabonis,3529555,AP,23,IND,62,62,2159,458,848,0.54,17,67,0.254,441,781,0.565,0.55,214,296,0.723,189,582,771,310,47,30,170,195,1147
T.J. McConnell,3500000,BA,27,IND,71,3,1326,212,411,0.516,5,17,0.294,207,394,0.525,0.522,35,42,0.833,38,151,189,355,56,11,100,73,464
Goga Bitadze,2816760,P,20,IND,54,2,471,70,150,0.467,8,42,0.19,62,108,0.574,0.493,24,33,0.727,25,81,106,23,10,37,28,65,172
T.J. Leaf,2813280,AP,22,IND,28,1,222,36,86,0.419,5,18,0.278,31,68,0.456,0.448,7,16,0.438,23,48,71,9,10,4,8,22,84
Aaron Holiday,2239200,BA,23,IND,66,33,1617,233,563,0.414,87,221,0.394,146,342,0.427,0.491,74,87,0.851,22,134,156,225,55,16,88,120,627
Edmond Sumner,2000000,ES,24,IND,31,3,447,61,142,0.43,14,53,0.264,47,89,0.528,0.479,16,29,0.552,11,35,46,55,15,9,22,44,152
JaKarr Sampson,1737145,AP,26,IND,34,12,471,68,115,0.591,2,13,0.154,66,102,0.647,0.6,18,27,0.667,20,68,88,21,16,12,15,64,156
Alize Johnson,1416852,AP,23,IND,17,1,118,12,29,0.414,3,8,0.375,9,21,0.429,0.466,7,10,0.7,16,32,48,7,3,2,7,12,34
Zach LaVine,19500000,AL,24,CHI,60,60,2085,539,1199,0.45,184,484,0.38,355,715,0.497,0.526,268,334,0.802,41,248,289,254,88,28,206,131,1530
Thaddeus Young,12900000,AP,31,CHI,64,16,1591,269,601,0.448,79,222,0.356,190,379,0.501,0.513,42,72,0.583,94,221,315,117,92,23,102,134,659
Tomáš Satoranský,9375000,ES,28,CHI,65,64,1878,237,551,0.43,64,199,0.322,173,352,0.491,0.488,106,121,0.876,76,178,254,354,80,7,130,135,644
Cristiano Felício,8156500,P,27,CHI,22,0,386,34,54,0.63,0,2,0.0,34,52,0.654,0.63,18,23,0.783,55,47,102,16,10,2,18,34,86
Kris Dunn,5348007,BA,25,CHI,51,32,1269,152,342,0.444,29,112,0.259,123,230,0.535,0.487,40,54,0.741,23,163,186,173,101,17,68,158,373
Coby White,5307120,BA,19,CHI,65,1,1674,312,792,0.394,133,376,0.354,179,416,0.43,0.478,102,129,0.791,28,202,230,175,49,6,109,117,859
Lauri Markkanen,5300400,AP,22,CHI,50,50,1492,251,591,0.425,109,317,0.344,142,274,0.518,0.517,126,153,0.824,60,253,313,74,42,23,81,96,737
Denzel Valentine,3377569,AL,26,CHI,36,5,488,97,237,0.409,46,137,0.336,51,100,0.51,0.506,6,8,0.75,9,65,74,43,26,6,26,51,246
Ryan Arcidiacono,3000000,BA,25,CHI,58,4,930,90,220,0.409,54,138,0.391,36,82,0.439,0.532,27,38,0.711,20,90,110,96,27,3,37,96,261
Chandler Hutchison,2332320,AL,23,CHI,28,10,527,80,175,0.457,12,38,0.316,68,137,0.496,0.491,46,78,0.59,18,90,108,26,27,7,27,47,218
Luke Kornet,2250000,P,24,CHI,36,14,559,82,187,0.439,31,108,0.287,51,79,0.646,0.521,20,28,0.714,22,62,84,32,11,26,14,54,215
Shaquille Harrison,898310,ES,26,CHI,43,10,484,77,165,0.467,16,42,0.381,61,123,0.496,0.515,39,50,0.78,22,64,86,49,34,19,19,55,209
Kyle Lowry,33296296,BA,33,TOR,58,58,2098,334,803,0.416,164,466,0.352,170,337,0.504,0.518,294,343,0.857,32,260,292,433,82,26,178,190,1126
Marc Gasol,25595700,P,35,TOR,44,43,1161,119,279,0.427,57,148,0.385,62,131,0.473,0.529,36,49,0.735,31,244,275,147,34,38,59,124,331
Serge Ibaka,23271604,P,30,TOR,55,27,1485,343,670,0.512,70,182,0.385,273,488,0.559,0.564,89,124,0.718,114,338,452,77,28,46,109,153,845
Norman Powell,10116576,ES,26,TOR,52,26,1479,296,598,0.495,109,273,0.399,187,325,0.575,0.586,129,153,0.843,26,164,190,91,60,21,77,108,830
Fred VanVleet,9346153,ES,25,TOR,54,54,1928,319,773,0.413,146,374,0.39,173,399,0.434,0.507,168,198,0.848,18,185,203,357,100,17,121,132,952
Patrick McCaw,4000000,AL,24,TOR,37,12,908,67,162,0.414,23,71,0.324,44,91,0.484,0.485,13,18,0.722,19,67,86,79,39,4,29,60,170
Stanley Johnson,3623000,AP,23,TOR,25,0,150,22,59,0.373,7,24,0.292,15,35,0.429,0.432,9,16,0.563,7,30,37,20,6,4,15,16,60
Rondae Hollis-Jefferson,2500000,AP,25,TOR,60,6,1122,155,329,0.471,3,23,0.13,152,306,0.497,0.476,105,143,0.734,110,173,283,106,46,23,59,115,418
Pascal Siakam,2351839,AP,25,TOR,60,60,2110,500,1104,0.453,131,365,0.359,369,739,0.499,0.512,240,303,0.792,64,375,439,207,61,53,148,170,1371
OG Anunoby,2281800,AL,22,TOR,69,68,2066,286,566,0.505,89,228,0.39,197,338,0.583,0.584,72,102,0.706,80,284,364,108,96,45,79,167,733
Malcolm Miller,1588231,AL,26,TOR,28,1,162,12,29,0.414,8,22,0.364,4,7,0.571,0.552,3,8,0.375,2,14,16,11,5,2,4,18,35
Chris Boucher,1488967,P,27,TOR,62,0,819,141,299,0.472,38,118,0.322,103,181,0.569,0.535,91,116,0.784,107,170,277,26,22,61,28,114,411
Dewan Hernandez,898310,P,23,TOR,6,0,28,5,14,0.357,1,2,0.5,4,12,0.333,0.393,3,5,0.6,5,9,14,3,1,0,3,6,14
Terence Davis,898310,ES,22,TOR,72,4,1209,199,436,0.456,94,242,0.388,105,194,0.541,0.564,51,59,0.864,50,187,237,115,39,14,76,124,543
Matt Thomas,898310,ES,25,TOR,41,1,440,73,150,0.487,47,99,0.475,26,51,0.51,0.643,9,12,0.75,9,52,61,22,10,1,16,38,202
Jeff Teague,19000000,BA,31,TOT,59,17,1464,213,489,0.436,43,117,0.368,170,372,0.457,0.48,172,197,0.873,27,115,142,308,44,19,116,106,641
Dewayne Dedmon,13333333,P,30,TOT,44,18,774,102,255,0.4,22,107,0.206,80,148,0.541,0.443,30,36,0.833,60,189,249,22,25,41,57,133,256
De'Andre Hunter,7068360,AL,22,ATL,63,62,2018,280,683,0.41,108,304,0.355,172,379,0.454,0.489,110,144,0.764,44,242,286,112,44,18,103,182,778
Trae Young,6273000,BA,21,ATL,60,60,2120,546,1249,0.437,205,568,0.361,341,681,0.501,0.519,481,559,0.86,32,223,255,560,65,8,289,104,1778
Cam Reddish,4245720,AL,20,ATL,58,34,1551,213,554,0.384,83,250,0.332,130,304,0.428,0.459,101,126,0.802,35,181,216,87,62,28,96,132,610
John Collins,2686560,AP,22,ATL,41,41,1363,353,605,0.583,59,147,0.401,294,458,0.642,0.632,120,150,0.8,116,300,416,60,31,66,75,138,885
Kevin Huerter,2636280,ES,21,ATL,56,48,1760,252,610,0.413,127,334,0.38,125,276,0.453,0.517,53,64,0.828,35,193,228,213,51,27,87,139,684
DeAndre' Bembry,2603982,ES,25,ATL,43,4,915,104,228,0.456,15,65,0.231,89,163,0.546,0.489,26,48,0.542,34,118,152,81,55,19,60,84,249
Vince Carter,2564753,AP,43,ATL,60,0,876,107,304,0.352,61,202,0.302,46,102,0.451,0.452,23,29,0.793,18,106,124,48,23,25,33,90,298
Skal Labissière,2338847,P,23,POR,33,1,567,81,147,0.551,3,13,0.231,78,134,0.582,0.561,25,33,0.758,65,104,169,42,7,31,30,89,190
Damian Jones,2305057,P,24,ATL,55,27,887,121,178,0.68,2,9,0.222,119,169,0.704,0.685,62,84,0.738,74,132,206,35,26,40,28,149,306
Treveon Graham,1645357,AL,26,TOT,55,20,929,87,242,0.36,33,120,0.275,54,122,0.443,0.428,36,56,0.643,51,99,150,45,24,6,29,102,243
Bruno Fernando,1400000,P,21,ATL,56,13,713,103,199,0.518,5,37,0.135,98,162,0.605,0.53,29,51,0.569,67,131,198,49,18,17,42,107,240
Brandon Goodwin,522738,BA,24,ATL,34,1,430,76,190,0.4,26,87,0.299,50,103,0.485,0.468,28,30,0.933,11,61,72,51,12,4,29,43,206
Tyrone Wallace,502491,ES,25,ATL,14,0,160,14,44,0.318,1,15,0.067,13,29,0.448,0.33,11,17,0.647,3,19,22,13,7,1,10,19,40
Paul Watson,50752,AL,25,TOT,10,0,87,10,26,0.385,4,12,0.333,6,14,0.429,0.462,7,9,0.778,2,15,17,8,4,1,3,5,31
Jimmy Butler,32742000,AL,30,MIA,58,58,1959,345,758,0.455,29,119,0.244,316,639,0.495,0.474,438,525,0.834,106,280,386,350,103,32,127,81,1157
Goran Dragić,19217900,BA,33,MIA,59,3,1663,319,724,0.441,124,338,0.367,195,386,0.505,0.526,191,246,0.776,29,158,187,301,40,10,144,124,953
Andre Iguodala,17185185,AL,36,MIA,21,0,418,38,88,0.432,14,47,0.298,24,41,0.585,0.511,6,15,0.4,17,61,78,51,14,21,26,35,96
Solomon Hill,12758781,AP,28,TOT,59,4,1088,110,278,0.396,63,171,0.368,47,107,0.439,0.509,40,54,0.741,29,136,165,104,43,12,51,85,323
Kelly Olynyk,11667885,P,28,MIA,67,9,1300,184,398,0.462,95,234,0.406,89,164,0.543,0.582,86,100,0.86,44,261,305,116,45,23,71,173,549
Meyers Leonard,11286515,P,27,MIA,51,49,1034,119,234,0.509,53,128,0.414,66,106,0.623,0.622,18,28,0.643,30,230,260,55,14,15,39,107,309
Jae Crowder,7815533,AP,29,TOT,65,53,1875,226,563,0.401,135,394,0.343,91,169,0.538,0.521,97,125,0.776,52,332,384,161,72,24,69,143,684
Tyler Herro,3640200,ES,20,MIA,55,8,1508,270,631,0.428,116,298,0.389,154,333,0.462,0.52,87,100,0.87,16,208,224,121,34,9,87,76,743
Bam Adebayo,3454080,AP,22,MIA,72,72,2417,440,790,0.557,2,14,0.143,438,776,0.564,0.558,264,382,0.691,176,559,735,368,82,93,204,182,1146
Udonis Haslem,2564753,P,39,MIA,4,1,44,4,11,0.364,1,3,0.333,3,8,0.375,0.409,3,4,0.75,1,15,16,1,0,0,1,6,12
Kendrick Nunn,1416852,BA,24,MIA,67,67,1962,401,914,0.439,137,391,0.35,264,523,0.505,0.514,85,100,0.85,21,159,180,220,56,15,114,152,1024
Duncan Robinson,1416852,ES,25,MIA,73,68,2166,323,687,0.47,270,606,0.446,53,81,0.654,0.667,67,72,0.931,10,222,232,102,35,19,70,193,983
KZ Okpala,898310,AP,20,MIA,5,0,26,3,5,0.6,0,1,0.0,3,4,0.75,0.6,1,2,0.5,1,4,5,1,2,1,1,2,7
Chris Silva,466918,AP,23,MIA,44,0,346,48,78,0.615,0,3,0.0,48,75,0.64,0.615,37,55,0.673,60,66,126,23,9,21,32,85,133
Kyrie Irving,31742000,BA,27,BRK,20,20,658,199,416,0.478,56,142,0.394,143,274,0.522,0.546,94,102,0.922,22,81,103,128,27,10,52,53,548
Spencer Dinwiddie,10605600,BA,26,BRK,64,49,1994,424,1021,0.415,123,400,0.308,301,621,0.485,0.476,347,446,0.778,32,189,221,432,40,21,174,180,1318
Joe Harris,7666667,AL,28,BRK,69,69,2123,381,784,0.486,172,406,0.424,209,378,0.553,0.596,64,89,0.719,64,234,298,144,41,17,104,159,998
Garrett Temple,4767000,ES,33,BRK,62,35,1730,222,587,0.378,127,386,0.329,95,201,0.473,0.486,70,87,0.805,29,189,218,156,49,29,62,108,641
Taurean Prince,3481986,AP,25,BRK,64,61,1857,278,739,0.376,146,431,0.339,132,308,0.429,0.475,71,89,0.798,50,331,381,116,57,25,127,159,773
Caris LeVert,2625718,ES,25,BRK,45,31,1330,311,732,0.425,80,220,0.364,231,512,0.451,0.48,140,197,0.711,49,140,189,199,53,10,118,81,842
Wilson Chandler,2564753,AP,32,BRK,35,3,734,74,183,0.404,37,121,0.306,37,62,0.597,0.505,20,23,0.87,11,134,145,39,16,12,34,79,205
Jarrett Allen,2376840,P,21,BRK,70,64,1852,302,465,0.649,0,6,0.0,302,459,0.658,0.649,171,270,0.633,216,455,671,110,40,92,77,162,775
Džanan Musa,1911600,AL,20,BRK,40,0,487,64,172,0.372,19,78,0.244,45,94,0.479,0.427,45,60,0.75,21,65,86,43,15,1,36,30,192
Rodions Kurucs,1699236,AP,21,BRK,47,9,684,79,177,0.446,33,90,0.367,46,87,0.529,0.54,24,38,0.632,25,112,137,51,25,5,46,90,215
Nic Claxton,898310,P,20,BRK,15,0,187,27,48,0.563,1,7,0.143,26,41,0.634,0.573,11,21,0.524,19,25,44,16,1,8,9,14,66
Timothé Luwawu-Cabarrot,844170,AL,24,BRK,47,2,853,117,269,0.435,62,160,0.388,55,109,0.505,0.55,69,81,0.852,29,98,127,29,18,7,37,106,365
Iman Shumpert,419443,AL,29,BRK,13,0,241,21,64,0.328,8,33,0.242,13,31,0.419,0.391,4,7,0.571,9,25,34,12,12,2,10,21,54
Justin Anderson,294432,ES,26,BRK,10,1,107,10,38,0.263,6,29,0.207,4,9,0.444,0.342,2,4,0.5,1,20,21,8,0,6,4,13,28
Lance Thomas,262152,AP,31,BRK,7,4,98,8,23,0.348,4,13,0.308,4,10,0.4,0.435,4,4,1.0,2,11,13,6,0,0,6,11,24
Kevin Love,28942830,AP,31,CLE,56,56,1780,327,727,0.45,146,390,0.374,181,337,0.537,0.55,187,219,0.854,54,493,547,178,33,19,140,90,987
Andre Drummond,27093019,P,26,TOT,57,56,1879,418,784,0.533,5,35,0.143,413,749,0.551,0.536,169,294,0.575,250,614,864,152,109,93,203,201,1010
Tristan Thompson,18539130,P,28,CLE,57,51,1721,288,562,0.512,9,23,0.391,279,539,0.518,0.52,99,161,0.615,226,351,577,120,33,50,103,124,684
Matthew Dellavedova,9607500,BA,29,CLE,57,4,821,62,175,0.354,21,91,0.231,41,84,0.488,0.414,32,37,0.865,18,57,75,180,20,2,59,78,177
Dante Exum,9600000,ES,24,TOT,35,1,485,56,119,0.471,15,43,0.349,41,76,0.539,0.534,32,43,0.744,12,55,67,40,13,8,31,38,159
Darius Garland,6400920,ES,20,CLE,59,59,1824,280,699,0.401,105,296,0.355,175,403,0.434,0.476,63,72,0.875,27,84,111,229,42,4,151,92,728
Collin Sexton,4764960,BA,21,CLE,65,65,2143,513,1086,0.472,97,255,0.38,416,831,0.501,0.517,226,267,0.846,61,143,204,192,65,7,158,142,1349
Cedi Osman,2907143,AL,24,CLE,65,65,1910,266,609,0.437,123,321,0.383,143,288,0.497,0.538,63,94,0.67,39,192,231,154,54,16,91,160,718
Alfonzo McKinnie,2391985,AL,27,CLE,40,1,593,73,171,0.427,14,65,0.215,59,106,0.557,0.468,22,31,0.71,37,76,113,14,23,8,26,72,182
Dean Wade,375000,AP,23,CLE,12,0,71,9,13,0.692,2,4,0.5,7,9,0.778,0.769,0,1,0.0,3,16,19,2,2,4,3,8,20
Malik Newman,65978,ES,22,CLE,1,0,4,0,2,0.0,0,1,0.0,0,1,0.0,0.0,2,2,1.0,0,0,0,0,0,0,1,0,2
Khris Middleton,30603448,AL,28,MIL,62,59,1853,471,947,0.497,147,354,0.415,324,593,0.546,0.575,208,227,0.916,44,338,382,265,53,7,137,142,1297
Giannis Antetokounmpo,25842697,AP,25,MIL,63,63,1917,685,1238,0.553,89,293,0.304,596,945,0.631,0.589,398,629,0.633,140,716,856,354,61,66,230,195,1857
Eric Bledsoe,15625000,BA,30,MIL,61,61,1646,334,703,0.475,74,215,0.344,260,488,0.533,0.528,169,214,0.79,43,239,282,328,57,26,148,128,911
Brook Lopez,12093024,P,31,MIL,68,67,1817,292,671,0.435,102,325,0.314,190,346,0.549,0.511,127,152,0.836,58,254,312,99,46,163,70,163,813
George Hill,10133907,BA,33,MIL,59,2,1271,194,376,0.516,81,176,0.46,113,200,0.565,0.624,85,101,0.842,50,127,177,180,47,5,57,84,554
Ersan İlyasova,7000000,AP,32,MIL,63,8,986,146,313,0.466,50,137,0.365,96,176,0.545,0.546,72,87,0.828,62,240,302,49,24,17,34,95,414
Robin Lopez,4767000,P,31,MIL,66,5,958,147,299,0.492,35,105,0.333,112,194,0.577,0.55,28,53,0.528,56,105,161,45,10,45,63,96,357
D.J. Wilson,2961120,AP,23,MIL,37,1,363,52,132,0.394,18,73,0.247,34,59,0.576,0.462,11,18,0.611,12,80,92,25,3,5,19,33,133
Donte DiVincenzo,2905800,ES,23,MIL,66,24,1520,232,510,0.455,83,247,0.336,149,263,0.567,0.536,63,86,0.733,66,252,318,154,85,20,90,113,610
Wesley Matthews,2564753,ES,33,MIL,67,67,1635,167,422,0.396,108,297,0.364,59,125,0.472,0.524,52,68,0.765,22,144,166,92,38,9,43,103,494
Pat Connaughton,1723050,ES,27,MIL,67,4,1243,137,301,0.455,55,166,0.331,82,135,0.607,0.547,31,40,0.775,60,224,284,107,25,31,52,70,360
Sterling Brown,1618520,AL,24,MIL,52,1,767,95,256,0.371,44,136,0.324,51,120,0.425,0.457,32,40,0.8,31,152,183,51,29,7,42,54,266
Thanasis Antetokounmpo,1445697,AL,27,MIL,20,2,129,24,48,0.5,0,10,0.0,24,38,0.632,0.5,7,17,0.412,12,12,24,15,7,2,12,18,55
Julius Randle,18000000,AP,25,NYK,64,64,2080,463,1006,0.46,64,231,0.277,399,775,0.515,0.492,258,352,0.733,151,471,622,198,51,22,193,178,1248
Bobby Portis,15000000,AP,24,NYK,66,5,1393,265,589,0.45,67,187,0.358,198,402,0.493,0.507,71,93,0.763,80,258,338,98,32,18,73,110,668
Maurice Harkless,11511234,AP,26,TOT,62,48,1427,142,283,0.502,34,98,0.347,108,185,0.584,0.562,39,66,0.591,55,185,240,68,58,33,53,148,357
Taj Gibson,9800000,P,34,NYK,62,56,1025,167,286,0.584,4,14,0.286,163,272,0.599,0.591,41,56,0.732,111,156,267,52,27,30,47,122,379
Wayne Ellington,8000000,ES,32,NYK,36,1,558,61,174,0.351,50,143,0.35,11,31,0.355,0.494,11,13,0.846,4,61,65,44,13,4,18,41,183
Elfrid Payton,8000000,BA,25,NYK,45,36,1246,193,440,0.439,14,69,0.203,179,371,0.482,0.455,49,86,0.57,52,160,212,323,70,17,96,89,449
RJ Barrett,7839960,ES,19,NYK,56,55,1704,292,727,0.402,63,197,0.32,229,530,0.432,0.445,156,254,0.614,50,229,279,143,55,17,124,122,803
Frank Ntilikina,4855800,BA,21,NYK,57,26,1187,131,333,0.393,44,137,0.321,87,196,0.444,0.459,51,59,0.864,23,98,121,172,54,16,71,142,357
Kevin Knox,4380120,AL,20,NYK,65,4,1166,144,401,0.359,65,199,0.327,79,202,0.391,0.44,66,101,0.653,28,156,184,61,23,28,45,106,419
Reggie Bullock,4000000,ES,28,NYK,29,19,684,90,224,0.402,37,111,0.333,53,113,0.469,0.484,17,21,0.81,13,55,68,42,25,3,19,56,234
Allonzo Trier,3551100,ES,24,NYK,24,1,291,51,106,0.481,19,53,0.358,32,53,0.604,0.571,34,43,0.791,6,23,29,28,3,4,22,29,155
Damyean Dotson,1618520,ES,25,NYK,48,0,836,120,290,0.414,59,163,0.362,61,127,0.48,0.516,22,33,0.667,10,81,91,57,23,4,21,44,321
Theo Pinson,1445697,ES,24,BRK,33,0,365,45,155,0.29,15,80,0.188,30,75,0.4,0.339,15,16,0.938,10,44,54,56,17,4,33,35,120
Ignas Brazdeikis,898310,AL,21,NYK,9,0,53,6,22,0.273,1,9,0.111,5,13,0.385,0.295,4,5,0.8,2,3,5,4,0,1,2,3,17
Tobias Harris,32742000,AP,27,PHI,72,72,2469,553,1173,0.471,131,357,0.367,422,816,0.517,0.527,174,216,0.806,69,426,495,227,53,40,104,165,1411
Al Horford,28000000,P,33,PHI,67,61,2025,319,709,0.45,99,283,0.35,220,426,0.516,0.52,61,80,0.763,103,353,456,270,52,61,80,142,798
Joel Embiid,27504630,P,25,PHI,51,51,1506,382,801,0.477,57,172,0.331,325,629,0.517,0.512,351,435,0.807,141,452,593,152,45,65,159,174,1172
Josh Richardson,10116576,ES,26,PHI,55,53,1693,278,646,0.43,85,249,0.341,193,397,0.486,0.496,114,141,0.809,41,133,174,162,52,36,104,136,755
Ben Simmons,8113930,BA,23,PHI,57,57,2017,375,647,0.58,2,7,0.286,373,640,0.583,0.581,185,298,0.621,113,331,444,455,119,33,200,186,937
Mike Scott,4767000,AP,31,PHI,68,11,1207,149,350,0.426,80,217,0.369,69,133,0.519,0.54,30,37,0.811,65,183,248,56,21,5,26,96,408
Zhaire Smith,3058800,AL,20,PHI,7,0,32,3,11,0.273,0,3,0.0,3,8,0.375,0.273,2,4,0.5,0,2,2,2,3,0,2,4,8
Matisse Thybulle,2582160,ES,22,PHI,65,14,1287,112,265,0.423,56,157,0.357,56,108,0.519,0.528,25,41,0.61,44,63,107,79,94,47,51,141,305
Alec Burks,2320044,ES,28,TOT,66,19,1754,321,768,0.418,116,301,0.385,205,467,0.439,0.493,235,265,0.887,48,234,282,189,62,17,91,128,993
Kyle O'Quinn,2028594,P,29,PHI,29,2,313,42,85,0.494,7,27,0.259,35,58,0.603,0.535,11,20,0.55,34,82,116,51,7,24,20,37,102
Raul Neto,1737145,BA,27,PHI,54,3,668,101,222,0.455,34,88,0.386,67,134,0.5,0.532,39,47,0.83,11,50,61,95,24,6,47,50,275
Furkan Korkmaz,1620564,ES,22,PHI,72,12,1559,242,563,0.43,143,356,0.402,99,207,0.478,0.557,77,102,0.755,18,150,168,79,41,16,59,98,704
Shake Milton,1445697,ES,23,PHI,40,24,805,134,277,0.484,58,135,0.43,76,142,0.535,0.588,51,65,0.785,15,73,88,104,20,7,47,92,377
Norvel Pelle,350189,P,26,PHI,24,0,232,25,48,0.521,0,1,0.0,25,47,0.532,0.521,7,14,0.5,20,52,72,8,3,31,18,55,57
Kemba Walker,32742000,BA,29,BOS,56,56,1742,378,889,0.425,180,473,0.381,198,416,0.476,0.526,209,242,0.864,36,181,217,268,48,28,117,91,1145
Gordon Hayward,32700690,AL,29,BOS,52,52,1740,350,700,0.5,85,222,0.383,265,478,0.554,0.561,124,145,0.855,55,293,348,212,38,22,96,96,909
Marcus Smart,11768879,ES,25,BOS,60,40,1919,256,682,0.375,137,395,0.347,119,287,0.415,0.476,127,152,0.836,42,183,225,291,101,29,103,162,776
Jayson Tatum,7830000,AP,21,BOS,66,66,2265,552,1226,0.45,189,469,0.403,363,757,0.48,0.527,254,313,0.812,64,396,460,200,93,57,155,136,1547
Jaylen Brown,6534829,ES,23,BOS,57,57,1934,427,887,0.481,129,338,0.382,298,549,0.543,0.554,176,243,0.724,62,302,364,118,65,20,125,167,1159
Daniel Theis,5000000,P,27,BOS,65,64,1566,241,426,0.566,32,96,0.333,209,330,0.633,0.603,87,114,0.763,140,286,426,111,37,84,54,219,601
Enes Freedom,4767000,P,27,BOS,58,7,983,199,348,0.572,1,7,0.143,198,341,0.581,0.573,70,99,0.707,163,268,431,56,22,41,56,100,469
Romeo Langford,3458400,ES,20,BOS,32,2,370,28,80,0.35,5,27,0.185,23,53,0.434,0.381,18,25,0.72,15,26,41,13,8,8,11,33,79
Vincent Poirier,2505793,P,26,BOS,22,0,130,17,36,0.472,1,2,0.5,16,34,0.471,0.486,6,7,0.857,13,30,43,8,2,9,8,25,41
Grant Williams,2379840,AP,21,BOS,69,5,1043,87,211,0.412,24,96,0.25,63,115,0.548,0.469,39,54,0.722,59,119,178,68,30,36,50,163,237
Semi Ojeleye,1618520,AP,25,BOS,69,6,1011,80,196,0.408,48,127,0.378,32,69,0.464,0.531,28,32,0.875,26,119,145,37,21,5,19,80,236
Brad Wanamaker,1355341,BA,30,BOS,71,1,1369,162,362,0.448,37,102,0.363,125,260,0.481,0.499,126,136,0.926,22,122,144,179,61,14,76,133,487
Carsen Edwards,1228026,ES,21,BOS,37,0,351,42,128,0.328,24,76,0.316,18,52,0.346,0.422,13,19,0.684,6,41,47,24,12,4,15,34,121
Javonte Green,898310,ES,26,BOS,48,2,468,63,126,0.5,9,33,0.273,54,93,0.581,0.536,28,42,0.667,24,69,93,26,24,8,23,43,163
Max Strus,415414,AL,23,CHI,2,0,6,2,3,0.667,0,1,0.0,2,2,1.0,0.667,1,1,1.0,1,0,1,0,0,0,0,1,5
