Rk,Player,Pos,Age,Tm,G,GS,MP,FG,FGA,FG%,3P,3PA,3P%,2P,2PA,2P%,eFG%,FT,FTA,FT%,ORB,DRB,TRB,AST,STL,BLK,TOV,PF,PTS,Player-additional
1,Precious Achiuwa,PF-C,24,TOT,55,16,1237,189,375,.504,21,81,.259,168,294,.571,.532,54,87,.621,147,212,359,74,36,47,60,105,453,achiupr01
2,Bam Adebayo,C,26,MIA,51,51,1766,397,770,.516,1,12,.083,396,758,.522,.516,243,313,.776,112,415,527,205,53,49,125,126,1038,adebaba01
3,Ochai Agbaji,SG,23,TOT,61,12,1162,129,310,.416,55,172,.320,74,138,.536,.505,21,28,.750,45,105,150,55,30,33,42,79,334,agbajoc01
4,Santi Aldama,PF,23,MEM,51,25,1303,205,478,.429,87,252,.345,118,226,.522,.520,41,67,.612,61,224,285,115,33,38,62,75,538,aldamsa01
5,Nickeil Alexander-Walker,SG,25,MIN,62,17,1425,161,377,.427,91,241,.378,70,136,.515,.548,35,45,.778,24,97,121,159,49,34,58,111,448,alexani01
6,Grayson Allen,SG,28,PHO,56,56,1871,239,483,.495,146,310,.471,93,173,.538,.646,97,109,.890,36,183,219,174,50,36,72,122,721,allengr01
7,Jarrett Allen,C,25,CLE,57,57,1790,372,589,.632,0,5,.000,372,584,.637,.632,163,222,.734,193,413,606,156,42,65,96,119,907,allenja01
8,Jose Alvarado,PG,25,NOP,41,0,702,104,251,.414,51,145,.352,53,106,.500,.516,27,40,.675,16,74,90,84,47,14,33,60,286,alvarjo01
9,Kyle Anderson,PF,30,MIN,60,4,1319,145,309,.469,8,37,.216,137,272,.504,.482,76,106,.717,45,166,211,244,49,32,75,89,374,anderky01
10,Giannis Antetokounmpo,PF,29,MIL,60,60,2093,687,1112,.618,32,106,.302,655,1006,.651,.632,436,660,.661,153,519,672,378,75,61,202,173,1842,antetgi01
11,Thanasis Antetokounmpo,PF,31,MIL,27,0,126,12,24,.500,0,1,.000,12,23,.522,.500,0,2,.000,6,4,10,13,5,4,11,21,24,antetth01
12,Cole Anthony,PG,23,ORL,62,0,1423,255,590,.432,65,204,.319,190,386,.492,.487,155,186,.833,51,200,251,189,52,27,105,152,730,anthoco01
13,OG Anunoby,SF,26,TOT,41,41,1400,238,478,.498,86,227,.379,152,251,.606,.588,65,84,.774,39,132,171,93,53,28,62,96,627,anunoog01
14,Ryan Arcidiacono,PG,29,NYK,20,0,45,0,6,.000,0,6,.000,0,0,,.000,0,0,,0,8,8,4,2,0,2,5,0,arcidry01
15,Deni Avdija,SF,23,WAS,59,59,1688,298,592,.503,69,173,.399,229,419,.547,.562,142,190,.747,65,331,396,221,48,24,120,148,807,avdijde01
16,Deandre Ayton,C,25,POR,40,40,1263,265,465,.570,0,0,,265,465,.570,.570,42,51,.824,121,302,423,69,42,31,69,89,572,aytonde01
17,Udoka Azubuike,C,24,PHO,14,0,107,16,22,.727,0,0,,16,22,.727,.727,3,11,.273,11,21,32,3,1,6,4,17,35,azubuud01
18,Ibou Badji,C,21,POR,18,1,203,12,19,.632,0,0,,12,19,.632,.632,5,10,.500,19,29,48,13,2,20,14,42,29,badjiib01
19,Marvin Bagley III,C,24,TOT,44,22,932,207,360,.575,5,17,.294,202,343,.589,.582,89,119,.748,119,153,272,54,17,28,53,77,508,baglema01
20,Amari Bailey,PG,19,CHO,3,0,15,2,7,.286,0,3,.000,2,4,.500,.286,1,2,.500,2,0,2,1,0,0,1,0,5,baileam01
21,Patrick Baldwin Jr.,SF,21,WAS,20,0,152,18,47,.383,11,27,.407,7,20,.350,.500,8,12,.667,7,36,43,8,2,4,6,22,55,baldwpa01
22,LaMelo Ball,PG,22,CHO,22,22,711,183,423,.433,70,197,.355,113,226,.500,.515,90,104,.865,29,84,113,176,40,4,83,79,526,ballla01
23,Mo Bamba,C,25,PHI,40,3,439,61,130,.469,14,33,.424,47,97,.485,.523,21,33,.636,56,95,151,28,13,38,29,62,157,bambamo01
24,Paolo Banchero,PF,21,ORL,61,61,2125,499,1079,.462,92,254,.362,407,825,.493,.505,307,434,.707,67,349,416,320,59,32,188,120,1397,banchpa01
25,Desmond Bane,SG,25,MEM,37,37,1277,330,696,.474,123,320,.384,207,376,.551,.563,121,140,.864,34,135,169,196,38,20,99,106,904,banede01
26,Dalano Banton,PG,24,TOT,34,3,369,61,150,.407,12,49,.245,49,101,.485,.447,35,50,.700,25,49,74,41,10,7,23,34,169,bantoda01
27,Dominick Barlow,PF,20,SAS,24,1,307,40,84,.476,3,7,.429,37,77,.481,.494,22,34,.647,33,51,84,26,9,12,5,33,105,barlodo01
28,Harrison Barnes,PF,31,SAC,61,61,1785,257,528,.487,115,289,.398,142,239,.594,.596,110,137,.803,48,126,174,68,43,10,43,77,739,barneha02
29,Scottie Barnes,SG,22,TOR,60,60,2094,447,942,.475,101,296,.341,346,646,.536,.528,196,251,.781,141,353,494,363,75,88,165,118,1191,barnesc01
30,RJ Barrett,SG,23,TOT,51,51,1600,366,752,.487,82,226,.363,284,526,.540,.541,173,246,.703,43,227,270,158,27,19,102,109,987,barrerj01
31,Charles Bassey,C,23,SAS,19,0,205,29,40,.725,0,1,.000,29,39,.744,.725,5,6,.833,23,53,76,21,8,17,15,31,63,bassech01
32,Emoni Bates,SF,20,CLE,10,0,76,6,25,.240,5,20,.250,1,5,.200,.340,1,2,.500,1,9,10,6,1,2,1,5,18,batesem01
33,Keita Bates-Diop,SF,28,TOT,47,8,644,71,162,.438,21,69,.304,50,93,.538,.503,30,40,.750,30,75,105,36,23,22,15,34,193,bateske01
34,Nicolas Batum,PF,35,TOT,42,30,1022,82,171,.480,51,121,.421,31,50,.620,.629,14,19,.737,52,114,166,90,29,30,26,84,229,batumni01
35,Darius Bazley,PF,23,PHI,3,0,10,0,1,.000,0,0,,0,1,.000,.000,0,0,,0,1,1,2,0,0,1,0,0,bazleda01
36,Bradley Beal,SG,30,PHO,33,33,1069,233,470,.496,55,146,.377,178,324,.549,.554,79,101,.782,29,111,140,149,29,9,84,84,600,bealbr01
37,Malik Beasley,SG,27,MIL,61,61,1802,248,541,.458,175,402,.435,73,139,.525,.620,17,27,.630,38,197,235,86,52,7,42,126,688,beaslma01
38,MarJon Beauchamp,SF,23,MIL,45,1,589,74,155,.477,28,71,.394,46,84,.548,.568,19,28,.679,22,74,96,30,12,6,27,52,195,beaucma01
39,Jules Bernard,SG,24,WAS,8,0,36,4,13,.308,2,9,.222,2,4,.500,.385,1,2,.500,3,3,6,5,1,1,2,4,11,bernaju01
40,Dāvis Bertāns,PF,31,TOT,24,0,235,39,89,.438,36,82,.439,3,7,.429,.640,16,18,.889,2,21,23,14,6,5,2,21,130,bertada01
41,Patrick Beverley,PG,35,TOT,58,6,1120,127,301,.422,47,140,.336,80,161,.497,.500,59,73,.808,40,144,184,169,34,24,59,100,360,beverpa01
42,Saddiq Bey,SF,24,ATL,61,49,1997,286,674,.424,110,344,.320,176,330,.533,.506,164,195,.841,162,235,397,88,50,10,51,86,846,beysa01
43,Goga Bitadze,C,24,ORL,51,33,899,117,193,.606,2,12,.167,115,181,.635,.611,52,79,.658,103,167,270,75,30,70,39,101,288,bitadgo01
44,Onuralp Bitim,SG,24,CHI,6,0,69,5,17,.294,4,11,.364,1,6,.167,.412,3,4,.750,1,10,11,2,0,1,3,5,17,bitimon01
45,Bismack Biyombo,C,31,TOT,34,27,741,68,123,.553,0,0,,68,123,.553,.553,22,46,.478,59,136,195,52,10,35,39,87,158,biyombi01
46,Anthony Black,PG,20,ORL,57,32,1054,104,219,.475,34,83,.410,70,136,.515,.553,48,75,.640,31,100,131,86,32,18,50,102,290,blackan01
47,Leaky Black,SF,24,CHO,22,3,218,17,39,.436,7,15,.467,10,24,.417,.526,9,14,.643,8,30,38,18,5,6,5,15,50,blackle01
48,Bogdan Bogdanović,SG,31,ATL,60,14,1764,354,831,.426,182,494,.368,172,337,.510,.535,108,117,.923,35,162,197,172,75,17,77,136,998,bogdabo01
49,Bojan Bogdanović,PF-SF,34,TOT,37,27,1150,244,533,.458,108,267,.404,136,266,.511,.559,101,128,.789,17,105,122,82,28,5,76,80,697,bogdabo02
50,Bol Bol,PF,24,PHO,24,0,265,54,90,.600,8,27,.296,46,63,.730,.644,7,10,.700,23,57,80,11,5,16,11,30,123,bolbo01
51,Marques Bolden,C,25,TOT,4,0,16,0,1,.000,0,0,,0,1,.000,.000,0,0,,0,3,3,0,0,0,1,2,0,boldema01
52,Devin Booker,PG,27,PHO,50,50,1788,480,971,.494,110,290,.379,370,681,.543,.551,307,349,.880,35,194,229,342,47,20,129,151,1377,bookede01
53,Brandon Boston Jr.,SF,22,LAC,19,0,129,27,64,.422,6,20,.300,21,44,.477,.469,12,14,.857,7,8,15,5,2,2,7,17,72,bostobr01
54,Chris Boucher,PF,31,TOR,48,0,650,101,206,.490,29,91,.319,72,115,.626,.561,64,85,.753,56,134,190,19,14,21,23,64,295,bouchch01
55,James Bouknight,SG,23,CHO,14,0,81,18,41,.439,13,30,.433,5,11,.455,.598,1,2,.500,1,8,9,6,1,1,2,3,50,bouknja01
56,Jamaree Bouyea,PG,24,POR,6,0,57,5,21,.238,0,8,.000,5,13,.385,.238,0,0,,2,8,10,8,0,0,8,3,10,bouyeja01
57,Malaki Branham,PG,20,SAS,57,22,1173,198,454,.436,62,185,.335,136,269,.506,.504,36,38,.947,20,94,114,126,21,6,64,70,494,branhma01
58,Christian Braun,SG,22,DEN,62,1,1192,154,351,.439,39,113,.345,115,238,.483,.494,74,105,.705,54,166,220,85,29,27,41,96,421,braunch01
59,Mikal Bridges,SF,27,BRK,62,62,2181,460,1037,.444,156,437,.357,304,600,.507,.519,227,279,.814,51,249,300,228,60,25,131,94,1303,bridgmi01
60,Miles Bridges,SF,25,CHO,51,49,1905,412,901,.457,123,334,.368,289,567,.510,.526,128,151,.848,50,328,378,166,54,26,104,95,1075,bridgmi02
61,Oshae Brissett,SF,25,BOS,40,0,427,50,110,.455,12,43,.279,38,67,.567,.509,36,55,.655,37,73,110,31,16,4,13,39,148,brissos01
62,Izaiah Brockington,PG,24,NOP,1,0,3,2,5,.400,0,1,.000,2,4,.500,.400,0,0,,1,1,2,0,0,0,0,0,4,brockiz01
63,Malcolm Brogdon,PG,31,POR,39,25,1121,218,496,.440,82,199,.412,136,297,.458,.522,95,116,.819,28,120,148,214,27,8,60,58,613,brogdma01
64,Armoni Brooks,PG,25,BRK,10,0,104,15,46,.326,11,32,.344,4,14,.286,.446,1,2,.500,7,11,18,5,1,1,3,3,42,brookar01
65,Dillon Brooks,SF,28,HOU,53,53,1670,250,574,.436,101,267,.378,149,307,.485,.524,96,115,.835,43,146,189,89,48,7,67,180,697,brookdi01
66,Bruce Brown,SG-PG,27,TOT,52,38,1463,212,458,.463,42,138,.304,170,320,.531,.509,95,110,.864,43,188,231,142,48,16,59,118,561,brownbr01
67,Charlie Brown Jr.,SG,26,NYK,7,0,36,2,10,.200,2,7,.286,0,3,.000,.300,0,0,,1,1,2,0,0,2,2,5,6,brownch02
68,Greg Brown III,PF,22,DAL,6,0,40,5,11,.455,1,3,.333,4,8,.500,.500,4,9,.444,3,6,9,4,0,4,4,5,15,browngr01
69,Jaylen Brown,SF,27,BOS,56,56,1863,487,974,.500,114,322,.354,373,652,.572,.559,168,233,.721,60,245,305,208,59,29,132,149,1256,brownja02
70,Kendall Brown,SG,20,IND,8,0,28,3,6,.500,0,1,.000,3,5,.600,.500,4,6,.667,2,0,2,2,0,0,0,4,10,brownke03
71,Kobe Brown,PF,24,LAC,33,0,285,24,63,.381,12,39,.308,12,24,.500,.476,1,2,.500,10,35,45,17,6,3,7,41,61,brownko01
72,Moses Brown,C,24,POR,12,4,104,13,25,.520,0,0,,13,25,.520,.520,1,7,.143,19,31,50,4,2,4,6,15,27,brownmo01
73,Troy Brown Jr.,SF,24,TOT,43,3,493,61,143,.427,36,99,.364,25,44,.568,.552,21,24,.875,16,72,88,41,9,2,21,31,179,browntr01
74,Jalen Brunson,PG,27,NYK,57,57,2019,550,1154,.477,150,369,.407,400,785,.510,.542,301,356,.846,32,178,210,374,53,11,142,114,1551,brunsja01
75,Thomas Bryant,C,26,MIA,26,3,264,44,78,.564,0,5,.000,44,73,.603,.564,18,22,.818,25,52,77,15,6,7,15,26,106,bryanth01
76,Kobe Bufkin,SG,20,ATL,9,0,89,13,37,.351,5,17,.294,8,20,.400,.419,2,4,.500,2,12,14,15,3,1,5,6,33,bufkiko01
77,Reggie Bullock,SF,32,HOU,26,0,226,21,52,.404,16,41,.390,5,11,.455,.558,1,1,1.000,3,32,35,10,4,2,6,15,59,bullore01
78,Alec Burks,SG,32,TOT,53,1,1067,191,502,.380,113,294,.384,78,208,.375,.493,132,151,.874,21,107,128,77,23,12,41,71,627,burksal01
79,Jared Butler,SG,23,WAS,22,0,178,35,64,.547,10,28,.357,25,36,.694,.625,14,17,.824,2,13,15,43,9,2,15,19,94,butleja02
80,Jimmy Butler,PF,34,MIA,42,42,1426,288,569,.506,44,97,.454,244,472,.517,.545,301,351,.858,84,147,231,203,60,15,71,46,921,butleji01
81,Jamal Cain,PF,24,MIA,16,1,225,29,69,.420,8,26,.308,21,43,.488,.478,18,23,.783,13,19,32,4,10,4,5,17,84,cainja01
82,Kentavious Caldwell-Pope,SG,30,DEN,56,56,1781,196,440,.445,86,217,.396,110,223,.493,.543,91,99,.919,25,109,134,133,74,26,53,107,569,caldwke01
83,Toumani Camara,PF,23,POR,58,38,1385,155,357,.434,45,140,.321,110,217,.507,.497,60,83,.723,112,173,285,61,56,26,69,144,415,camarto01
84,Clint Capela,C,29,ATL,54,54,1363,250,444,.563,0,0,,250,444,.563,.563,96,146,.658,249,308,557,56,29,81,49,131,596,capelca01
85,Jevon Carter,PG,28,CHI,59,0,802,111,299,.371,63,191,.330,48,108,.444,.477,3,5,.600,7,39,46,69,31,13,30,58,288,carteje01
86,Wendell Carter Jr.,C,24,ORL,36,30,943,153,279,.548,43,102,.422,110,177,.621,.625,70,97,.722,67,172,239,57,17,18,42,83,419,cartewe01
87,D.J. Carton,SG,23,TOR,4,0,36,3,8,.375,1,4,.250,2,4,.500,.438,4,5,.800,2,2,4,3,1,0,1,3,11,cartodj01
88,Alex Caruso,SG,29,CHI,53,40,1454,181,391,.463,91,239,.381,90,152,.592,.579,59,76,.776,48,149,197,154,82,59,71,134,512,carusal01
89,Colin Castleton,C,23,LAL,7,0,36,7,10,.700,0,0,,7,10,.700,.700,4,4,1.000,4,5,9,3,0,0,1,7,18,castlco01
90,Malcolm Cazalon,SG,22,DET,1,0,3,0,0,,0,0,,0,0,,,0,0,,0,0,0,0,0,0,0,0,0,cazalma01
91,Julian Champagnie,SF,22,SAS,54,39,904,101,255,.396,65,182,.357,36,73,.493,.524,42,52,.808,32,107,139,65,32,29,33,56,309,champju02
92,Justin Champagnie,SF,22,WAS,3,0,16,5,10,.500,1,5,.200,4,5,.800,.550,0,0,,0,1,1,1,1,1,1,0,11,champju01
93,Max Christie,SG,20,LAL,50,7,812,86,201,.428,36,100,.360,50,101,.495,.517,33,42,.786,12,109,121,52,17,16,31,53,241,chrisma02
94,Sidy Cissoko,SF,19,SAS,6,0,32,1,6,.167,0,4,.000,1,2,.500,.167,4,4,1.000,0,6,6,0,3,0,1,2,6,cissosi01
95,Jordan Clarkson,SG,31,UTA,52,19,1588,317,773,.410,89,299,.298,228,474,.481,.468,172,195,.882,48,132,180,264,31,6,137,76,895,clarkjo01
96,Nic Claxton,C,24,BRK,52,52,1533,274,437,.627,1,4,.250,273,433,.630,.628,80,138,.580,139,372,511,103,33,112,62,130,629,claxtni01
97,Noah Clowney,PF,19,BRK,7,0,69,11,18,.611,1,4,.250,10,14,.714,.639,6,6,1.000,6,7,13,6,0,1,3,5,29,clownno01
98,Amir Coffey,SF,26,LAC,49,9,920,105,202,.520,40,97,.412,65,105,.619,.619,45,51,.882,18,66,84,45,28,7,21,65,295,coffeam01
99,John Collins,PF,26,UTA,59,57,1663,340,647,.526,70,207,.338,270,440,.614,.580,109,139,.784,137,371,508,70,34,56,86,167,859,collijo01
100,Zach Collins,C,26,SAS,50,24,1157,217,451,.481,43,144,.299,174,307,.567,.529,85,115,.739,86,179,265,151,24,35,101,152,562,colliza01
101,Mike Conley,PG,36,MIN,57,57,1643,203,456,.445,128,292,.438,75,164,.457,.586,71,78,.910,25,141,166,355,60,12,67,94,605,conlemi01
102,Pat Connaughton,SF,31,MIL,57,2,1223,110,241,.456,64,169,.379,46,72,.639,.589,26,36,.722,35,147,182,109,32,14,36,71,310,connapa01
103,Bilal Coulibaly,SF,19,WAS,58,10,1555,169,387,.437,56,160,.350,113,227,.498,.509,80,115,.696,50,182,232,99,49,44,80,125,474,coulibi01
104,Ricky Council IV,SG,22,PHI,20,0,189,37,79,.468,4,19,.211,33,60,.550,.494,42,58,.724,12,27,39,7,2,0,4,9,120,councri01
105,Robert Covington,SF-PF,33,TOT,29,6,488,43,98,.439,19,56,.339,24,42,.571,.536,22,26,.846,31,66,97,24,39,18,11,56,127,covinro01
106,Torrey Craig,SF,33,CHI,33,8,694,71,167,.425,37,99,.374,34,68,.500,.536,21,27,.778,55,101,156,36,20,15,19,75,200,craigto01
107,Jae Crowder,PF,33,MIL,32,16,783,73,172,.424,38,109,.349,35,63,.556,.535,16,24,.667,17,100,117,48,27,6,16,54,200,crowdja01
108,Jalen Crutcher,PG,24,NOP,1,0,3,0,1,.000,0,0,,0,1,.000,.000,0,0,,0,0,0,0,0,0,0,0,0,crutcja01
109,Cade Cunningham,PG,22,DET,51,51,1723,422,933,.452,98,272,.360,324,661,.490,.505,190,221,.860,23,187,210,378,45,19,176,135,1132,cunnica01
110,Seth Curry,SG,33,TOT,44,4,616,80,204,.392,38,108,.352,42,96,.438,.485,28,31,.903,18,50,68,44,22,6,21,39,226,curryse01
111,Stephen Curry,PG,35,GSW,58,58,1907,518,1146,.452,287,701,.409,231,445,.519,.577,252,274,.920,30,224,254,290,46,21,174,99,1575,curryst01
112,Dyson Daniels,PG,20,NOP,52,15,1139,112,256,.438,32,110,.291,80,146,.548,.500,32,50,.640,51,140,191,136,72,21,52,84,288,daniedy01
113,Anthony Davis,C,30,LAL,60,60,2142,566,1017,.557,19,73,.260,547,944,.579,.566,335,411,.815,181,554,735,216,66,146,121,143,1486,davisan02
114,Johnny Davis,SG,21,WAS,31,0,308,31,89,.348,5,18,.278,26,71,.366,.376,6,11,.545,13,28,41,13,10,2,7,25,73,davisjo06
115,JD Davison,SG,21,BOS,2,0,6,0,1,.000,0,1,.000,0,0,,.000,2,2,1.000,1,1,2,0,0,0,0,0,2,davisjd01
116,Dexter Dennis,SG,24,DAL,4,0,30,10,19,.526,1,8,.125,9,11,.818,.553,1,3,.333,1,8,9,4,0,1,3,1,22,dennide01
117,DeMar DeRozan,SF,34,CHI,60,60,2269,470,998,.471,58,169,.343,412,829,.497,.500,381,442,.862,36,213,249,319,66,35,88,130,1379,derozde01
118,Moussa Diabaté,C,22,LAC,11,0,64,10,19,.526,0,0,,10,19,.526,.526,9,14,.643,15,9,24,4,5,1,2,4,29,diabamo01
119,Mamadi Diakite,PF,27,SAS,3,0,16,4,5,.800,0,0,,4,5,.800,.800,4,6,.667,1,2,3,2,0,1,0,1,12,diakima01
120,Hamidou Diallo,SG,25,WAS,2,0,5,1,2,.500,0,0,,1,2,.500,.500,0,0,,2,0,2,1,2,0,1,1,2,diallha01
121,Gradey Dick,SG,20,TOR,41,1,677,95,218,.436,48,129,.372,47,89,.528,.546,23,25,.920,19,59,78,45,22,0,25,55,261,dickgr01
122,Ousmane Dieng,PF,20,OKC,29,0,326,43,101,.426,20,64,.313,23,37,.622,.525,14,16,.875,10,39,49,31,5,3,16,19,120,diengou01
123,Spencer Dinwiddie,PG,30,TOT,58,48,1713,214,550,.389,99,310,.319,115,240,.479,.479,131,169,.775,27,141,168,321,42,11,73,103,658,dinwisp01
124,Donte DiVincenzo,SG,27,NYK,61,43,1596,311,698,.446,197,485,.406,114,213,.535,.587,55,76,.724,49,159,208,154,75,23,78,120,874,divindo01
125,Luka Dončić,PG,24,DAL,54,54,2028,637,1284,.496,209,553,.378,428,731,.585,.577,386,492,.785,42,442,484,527,78,31,212,114,1869,doncilu01
126,Luguentz Dort,SF,24,OKC,60,60,1706,218,496,.440,120,295,.407,98,201,.488,.560,86,105,.819,62,161,223,78,54,41,52,181,642,dortlu01
127,Ayo Dosunmu,SG,24,CHI,60,21,1627,250,509,.491,87,218,.399,163,291,.560,.577,57,73,.781,41,121,162,168,51,26,72,122,644,dosunay01
128,Jeff Dowtin,PG,26,PHI,2,0,30,4,7,.571,2,4,.500,2,3,.667,.714,0,0,,0,3,3,7,3,1,1,0,10,dowtije01
129,Andre Drummond,C,30,CHI,62,10,1072,215,389,.553,0,3,.000,215,386,.557,.553,92,160,.575,211,339,550,30,61,41,67,113,522,drumman01
130,Chris Duarte,SF,26,SAC,43,11,569,60,156,.385,32,90,.356,28,66,.424,.487,21,27,.778,19,64,83,35,23,5,20,67,173,duartch01
131,Kris Dunn,PG,29,UTA,55,28,1014,124,256,.484,35,90,.389,89,166,.536,.553,17,25,.680,41,114,155,219,59,23,71,105,300,dunnkr01
132,Kevin Durant,PF,35,PHO,55,55,2051,557,1063,.524,120,286,.420,437,777,.562,.580,301,352,.855,31,337,368,304,48,73,181,100,1535,duranke01
133,Jalen Duren,C,20,DET,46,45,1385,273,436,.626,0,3,.000,273,433,.630,.626,94,122,.770,151,390,541,119,21,40,91,154,640,durenja01
134,Tari Eason,PF,22,HOU,22,0,480,88,189,.466,18,50,.360,70,139,.504,.513,21,33,.636,46,107,153,27,31,19,20,51,215,easonta01
135,Anthony Edwards,SG,22,MIN,59,58,2057,533,1146,.465,149,394,.378,384,752,.511,.530,326,387,.842,31,276,307,300,74,30,186,110,1541,edwaran01
136,Kessler Edwards,SF,23,SAC,39,0,189,21,53,.396,12,33,.364,9,20,.450,.509,4,6,.667,5,25,30,9,4,4,1,18,58,edwarke02
137,Keon Ellis,SG,24,SAC,36,4,419,41,98,.418,28,77,.364,13,21,.619,.561,11,17,.647,14,34,48,46,19,14,19,52,121,elliske01
138,Joel Embiid,C,29,PHI,34,34,1157,402,754,.533,41,112,.366,361,642,.562,.560,356,403,.883,89,295,384,193,39,60,126,98,1201,embiijo01
139,Drew Eubanks,C,26,PHO,56,4,891,123,197,.624,3,3,1.000,120,194,.619,.632,61,80,.763,74,164,238,50,21,48,52,89,310,eubandr01
140,Tosan Evbuomwan,SF,22,TOT,6,0,90,7,18,.389,3,9,.333,4,9,.444,.472,0,0,,8,8,16,6,1,1,1,6,17,evbuoto01
141,Dante Exum,PG,28,DAL,36,14,686,119,211,.564,32,67,.478,87,144,.604,.640,38,52,.731,18,78,96,99,19,5,28,56,308,exumda01
142,Bruno Fernando,C,25,ATL,25,1,294,48,86,.558,0,3,.000,48,83,.578,.558,26,42,.619,30,58,88,16,10,16,18,43,122,fernabr01
143,Dorian Finney-Smith,PF,30,BRK,53,42,1486,174,408,.426,102,271,.376,72,137,.526,.551,19,28,.679,91,161,252,83,38,31,47,122,469,finnedo01
144,Adam Flagler,SG,24,OKC,1,0,6,0,3,.000,0,3,.000,0,0,,.000,0,0,,0,0,0,1,0,0,0,0,0,flaglad01
145,Malachi Flynn,PG,25,TOT,52,0,601,76,192,.396,36,106,.340,40,86,.465,.490,28,37,.757,13,67,80,88,22,6,41,50,216,flynnma01
146,Simone Fontecchio,SF,28,TOT,60,39,1444,217,478,.454,118,298,.396,99,180,.550,.577,43,54,.796,58,152,210,93,40,18,60,96,595,fontesi01
147,Jordan Ford,PG,25,SAC,6,0,22,4,7,.571,2,3,.667,2,4,.500,.714,2,2,1.000,0,2,2,2,0,0,1,0,12,fordjo01
148,Trent Forrest,SG,25,ATL,24,0,242,20,54,.370,2,7,.286,18,47,.383,.389,9,12,.750,6,24,30,49,7,1,11,21,51,forretr01
149,Evan Fournier,SG,31,TOT,12,0,206,31,84,.369,17,55,.309,14,29,.483,.470,13,15,.867,3,21,24,14,12,2,9,19,92,fournev01
150,De'Aaron Fox,PG,26,SAC,53,53,1896,525,1105,.475,148,403,.367,377,702,.537,.542,238,335,.710,48,173,221,300,101,21,144,135,1436,foxde01
151,Javon Freeman-Liberty,PG,24,TOR,4,0,23,5,10,.500,1,3,.333,4,7,.571,.550,4,5,.800,1,3,4,1,0,0,0,0,15,freemja01
152,Alex Fudge,SF,20,LAL,4,0,14,1,6,.167,0,2,.000,1,4,.250,.167,2,2,1.000,2,0,2,0,0,0,1,1,4,fudgeal01
153,Markelle Fultz,PG,25,ORL,26,15,595,102,206,.495,1,9,.111,101,197,.513,.498,15,25,.600,36,53,89,84,30,9,31,39,220,fultzma01
154,Daniel Gafford,C-PF,25,TOT,55,47,1364,241,350,.689,0,0,,241,350,.689,.689,98,140,.700,157,275,432,77,50,111,55,170,580,gaffoda01
155,Danilo Gallinari,PF-SF,35,TOT,39,0,548,73,169,.432,27,83,.325,46,86,.535,.512,74,86,.860,18,80,98,50,10,5,17,42,247,gallida01
156,Darius Garland,PG,24,CLE,38,38,1251,249,553,.450,83,223,.372,166,330,.503,.525,112,133,.842,17,72,89,237,51,4,119,59,693,garlada01
157,Usman Garuba,PF,21,GSW,3,0,8,0,1,.000,0,0,,0,1,.000,.000,0,0,,1,0,1,1,1,0,0,2,0,garubus01
158,Luka Garza,C,25,MIN,14,0,40,11,25,.440,3,9,.333,8,16,.500,.500,8,12,.667,6,5,11,2,0,0,2,11,33,garzalu01
159,Kaiser Gates,SF,27,NOP,1,0,7,0,4,.000,0,2,.000,0,2,.000,.000,0,0,,0,1,1,0,0,0,0,0,0,gateska01
160,Keyonte George,PG,20,UTA,56,25,1421,218,555,.393,109,309,.353,109,246,.443,.491,125,152,.822,14,142,156,246,27,5,117,61,670,georgke01
161,Paul George,PF,33,LAC,56,56,1898,435,952,.457,184,464,.397,251,488,.514,.554,184,208,.885,30,270,300,197,87,22,114,156,1238,georgpa01
162,Taj Gibson,PF,38,NYK,16,1,165,7,23,.304,0,6,.000,7,17,.412,.304,2,2,1.000,10,18,28,9,2,6,5,28,16,gibsota01
163,Josh Giddey,SG,21,OKC,61,61,1508,281,617,.455,58,176,.330,223,441,.506,.502,71,86,.826,81,285,366,268,42,34,124,80,691,giddejo01
164,Harry Giles,C,25,TOT,18,0,85,22,45,.489,3,12,.250,19,33,.576,.522,7,13,.538,12,15,27,6,1,3,6,15,54,gilesha01
165,Shai Gilgeous-Alexander,PG,25,OKC,61,61,2102,671,1228,.546,77,204,.377,594,1024,.580,.578,481,545,.883,53,288,341,394,130,58,133,155,1900,gilgesh01
166,Anthony Gill,PF,31,WAS,32,0,173,23,50,.460,3,13,.231,20,37,.541,.490,15,20,.750,14,25,39,14,7,6,15,12,64,gillan01
167,Collin Gillespie,PG,24,DEN,19,0,161,23,45,.511,11,24,.458,12,21,.571,.633,5,8,.625,1,11,12,16,10,0,10,18,62,gilleco01
168,Jacob Gilyard,PG,25,MEM,37,14,654,60,144,.417,51,120,.425,9,24,.375,.594,2,2,1.000,8,35,43,131,27,5,29,35,173,gilyaja01
169,Rudy Gobert,C,31,MIN,60,60,2027,315,483,.652,0,3,.000,315,480,.656,.652,198,306,.647,217,552,769,73,35,128,92,185,828,goberru01
170,Jordan Goodwin,PG,25,TOT,45,4,706,91,240,.379,27,95,.284,64,145,.441,.435,29,39,.744,50,93,143,102,33,15,39,50,238,goodwjo01
171,Aaron Gordon,PF,28,DEN,56,56,1768,307,557,.551,31,106,.292,276,451,.612,.579,132,203,.650,134,230,364,180,47,37,82,105,777,gordoaa01
172,Eric Gordon,SG,35,PHO,51,24,1512,230,510,.451,124,323,.384,106,187,.567,.573,46,58,.793,15,89,104,114,49,25,64,62,630,gordoer01
173,Devonte' Graham,PG,28,SAS,12,0,99,11,30,.367,7,22,.318,4,8,.500,.483,6,8,.750,2,14,16,19,3,1,3,4,35,grahade01
174,Jerami Grant,PF,29,POR,53,53,1795,378,836,.452,110,272,.404,268,564,.475,.518,252,309,.816,37,152,189,150,43,34,114,117,1118,grantje01
175,A.J. Green,SG,24,MIL,42,0,401,61,141,.433,50,122,.410,11,19,.579,.610,10,11,.909,6,39,45,26,3,2,7,36,182,greenaj01
176,Danny Green,SG,36,PHI,2,0,18,0,2,.000,0,1,.000,0,1,.000,.000,0,0,,0,2,2,1,1,0,0,1,0,greenda02
177,Draymond Green,PF,33,GSW,37,34,973,127,252,.504,39,87,.448,88,165,.533,.581,45,59,.763,46,213,259,216,27,34,88,110,338,greendr01
178,Jalen Green,SG,21,HOU,62,62,1905,393,960,.409,132,422,.313,261,538,.485,.478,211,260,.812,27,273,300,206,46,20,137,82,1129,greenja05
179,Jeff Green,PF,37,HOU,59,5,966,113,242,.467,27,88,.307,86,154,.558,.523,98,121,.810,34,91,125,51,10,26,40,82,351,greenje02
180,Josh Green,SG,23,DAL,49,32,1340,164,336,.488,69,169,.408,95,167,.569,.591,33,50,.660,35,128,163,118,42,8,55,98,430,greenjo02
181,AJ Griffin,SF,20,ATL,18,0,132,13,45,.289,9,33,.273,4,12,.333,.389,2,2,1.000,2,12,14,4,1,1,6,6,37,griffaj01
182,Quentin Grimes,SG,23,TOT,49,18,989,120,314,.382,81,231,.351,39,83,.470,.511,27,37,.730,14,82,96,60,34,7,26,70,348,grimequ01
183,Mouhamadou Gueye,PF,25,TOR,2,0,10,1,4,.250,0,0,,1,4,.250,.250,0,0,,3,2,5,0,0,3,0,2,2,gueyemo01
184,Mouhamed Gueye,PF,21,ATL,2,0,4,0,1,.000,0,1,.000,0,0,,.000,0,0,,0,0,0,0,1,0,0,1,0,gueyemo02
185,Rui Hachimura,PF,25,LAL,50,21,1264,245,467,.525,66,159,.415,179,308,.581,.595,69,97,.711,39,147,186,51,36,16,36,73,625,hachiru01
186,Ashton Hagans,PG,24,POR,11,1,175,15,36,.417,2,9,.222,13,27,.481,.444,7,9,.778,6,16,22,30,7,6,18,25,39,haganas01
187,Tyrese Haliburton,PG,23,IND,50,49,1597,374,778,.481,148,391,.379,226,387,.584,.576,142,167,.850,30,161,191,567,53,33,114,47,1038,halibty01
188,R.J. Hampton,PG,22,MIA,8,2,76,4,14,.286,1,8,.125,3,6,.500,.321,1,2,.500,2,4,6,8,0,0,3,8,10,hamptrj01
189,Tim Hardaway Jr.,SF,31,DAL,59,10,1699,329,806,.408,176,490,.359,153,316,.484,.517,126,144,.875,19,188,207,98,29,5,57,89,960,hardati02
190,James Harden,PG,34,LAC,56,56,1940,289,647,.447,156,382,.408,133,265,.502,.567,255,290,.879,25,259,284,463,61,52,145,107,989,hardeja01
191,Jaden Hardy,SG,21,DAL,55,6,803,157,388,.405,70,192,.365,87,196,.444,.495,40,55,.727,15,86,101,86,17,4,40,58,424,hardyja02
192,Ron Harper Jr.,PF,23,TOR,1,0,4,0,0,,0,0,,0,0,,,0,0,,0,0,0,1,0,0,0,2,0,harpero02
193,Gary Harris,SG,29,ORL,39,12,894,99,216,.458,56,147,.381,43,69,.623,.588,28,37,.757,18,47,65,68,37,11,20,68,282,harriga01
194,Joe Harris,SG,32,DET,16,0,170,14,39,.359,10,30,.333,4,9,.444,.487,1,2,.500,3,10,13,10,3,2,4,19,39,harrijo01
195,Kevon Harris,SG,26,ORL,2,0,6,2,3,.667,0,0,,2,3,.667,.667,0,0,,0,2,2,1,0,0,1,3,4,harrike01
196,Tobias Harris,PF,31,PHI,56,56,1898,376,758,.496,70,198,.354,306,560,.546,.542,157,176,.892,61,283,344,180,56,31,76,95,979,harrito02
197,Shaquille Harrison,SG,30,MEM,3,0,6,1,2,.500,0,0,,1,2,.500,.500,0,0,,0,2,2,0,0,1,0,0,2,harrish01
198,Josh Hart,SF,28,NYK,61,22,1917,204,481,.424,66,201,.328,138,280,.493,.493,61,80,.763,86,379,465,217,52,20,82,118,535,hartjo01
199,Isaiah Hartenstein,C,25,NYK,56,30,1404,154,255,.604,1,3,.333,153,252,.607,.606,79,109,.725,186,284,470,121,61,60,65,156,388,harteis01
200,Sam Hauser,SF,26,BOS,60,6,1257,163,365,.447,131,315,.416,32,50,.640,.626,15,17,.882,36,168,204,55,23,16,28,80,472,hausesa01
201,Jordan Hawkins,SG,21,NOP,55,10,1075,167,428,.390,104,281,.370,63,147,.429,.512,64,75,.853,28,113,141,65,17,6,38,68,502,hawkijo01
202,Jaxson Hayes,C,23,LAL,53,3,600,83,121,.686,0,8,.000,83,113,.735,.686,29,49,.592,46,90,136,24,26,22,25,86,195,hayesja02
203,Killian Hayes,PG,22,DET,42,31,1008,117,283,.413,22,74,.297,95,209,.455,.452,33,50,.660,11,108,119,205,36,20,51,75,289,hayeski01
204,Gordon Hayward,SF,33,TOT,33,25,918,149,328,.454,23,63,.365,126,265,.475,.489,68,89,.764,31,111,142,123,30,12,54,50,389,haywago01
205,Scoot Henderson,PG,19,POR,43,16,1160,190,506,.375,52,168,.310,138,338,.408,.427,121,148,.818,38,89,127,202,24,10,127,129,553,hendesc01
206,Taylor Hendricks,PF,20,UTA,23,6,401,51,116,.440,23,68,.338,28,48,.583,.539,9,11,.818,27,64,91,13,14,13,17,40,134,hendrita01
207,Tyler Herro,SG,24,MIA,36,36,1209,283,648,.437,117,293,.399,166,355,.468,.527,66,79,.835,18,173,191,158,29,3,77,51,749,herroty01
208,Buddy Hield,SF-SG,31,TOT,64,40,1732,297,675,.440,178,454,.392,119,221,.538,.572,36,42,.857,41,167,208,201,58,34,82,136,808,hieldbu01
209,Haywood Highsmith,PF,27,MIA,45,24,932,96,222,.432,49,133,.368,47,89,.528,.543,21,26,.808,39,88,127,44,42,25,26,88,262,highsha01
210,Nate Hinton,SG,24,HOU,11,0,58,10,20,.500,7,11,.636,3,9,.333,.675,4,5,.800,3,9,12,6,2,2,2,10,31,hintona01
211,D'Moi Hodge,SG,25,LAL,7,0,41,5,15,.333,3,12,.250,2,3,.667,.433,1,2,.500,0,0,0,5,1,1,1,4,14,hodgedm01
212,Aaron Holiday,PG,27,HOU,59,1,987,143,316,.453,70,169,.414,73,147,.497,.563,40,45,.889,16,83,99,107,30,5,45,92,396,holidaa01
213,Jrue Holiday,PG,33,BOS,56,56,1854,275,571,.482,114,256,.445,161,315,.511,.581,56,68,.824,73,243,316,271,49,41,104,92,720,holidjr01
214,Justin Holiday,SG,34,DEN,38,9,549,56,121,.463,35,86,.407,21,35,.600,.607,3,4,.750,6,41,47,38,24,3,9,47,150,holidju01
215,Richaun Holmes,C-PF,30,TOT,32,2,347,52,94,.553,1,1,1.000,51,93,.548,.559,18,28,.643,44,62,106,18,7,12,16,47,123,holmeri01
216,Chet Holmgren,C,21,OKC,62,62,1873,399,735,.543,105,267,.393,294,468,.628,.614,162,206,.786,101,386,487,169,41,157,101,153,1065,holmgch01
217,Jalen Hood-Schifino,SG,20,LAL,21,0,109,10,45,.222,2,15,.133,8,30,.267,.244,12,20,.600,2,11,13,8,3,2,9,13,34,hoodsja01
218,Al Horford,C,37,BOS,51,23,1362,154,312,.494,78,194,.402,76,118,.644,.619,17,20,.850,64,272,336,137,28,51,36,75,403,horfoal01
219,Talen Horton-Tucker,PG,23,UTA,40,11,795,145,361,.402,45,136,.331,100,225,.444,.464,72,90,.800,20,83,103,153,36,15,55,74,407,hortota01
220,Danuel House Jr.,SF,30,PHI,34,4,509,47,105,.448,15,50,.300,32,55,.582,.519,35,46,.761,16,42,58,28,15,5,19,45,144,houseda01
221,Caleb Houstan,SF,21,ORL,46,9,670,68,171,.398,61,160,.381,7,11,.636,.576,17,22,.773,23,51,74,26,12,3,15,52,214,houstca01
222,Jett Howard,SF,20,ORL,13,0,49,8,22,.364,5,17,.294,3,5,.600,.477,2,4,.500,1,4,5,3,0,1,2,3,23,howarje01
223,Kevin Huerter,SG,25,SAC,59,54,1478,241,535,.450,120,325,.369,121,210,.576,.563,36,47,.766,37,175,212,155,38,21,49,125,638,huertke01
224,Jay Huff,C,25,DEN,12,0,34,6,11,.545,3,8,.375,3,3,1.000,.682,2,2,1.000,1,8,9,1,1,0,1,7,17,huffja01
225,De'Andre Hunter,SF,26,ATL,38,24,1068,197,407,.484,75,177,.424,122,230,.530,.576,119,137,.869,22,122,144,48,29,12,50,102,588,huntede01
226,Matthew Hurt,PF,23,MEM,8,0,113,12,34,.353,5,20,.250,7,14,.500,.426,3,3,1.000,9,7,16,4,3,3,2,8,32,hurtma01
227,Bones Hyland,PG,23,LAC,23,2,303,50,140,.357,21,72,.292,29,68,.426,.432,10,12,.833,3,16,19,44,10,2,26,30,131,hylanbo01
228,Joe Ingles,SF,36,ORL,49,0,844,74,180,.411,50,123,.407,24,57,.421,.550,18,21,.857,17,89,106,147,31,4,45,69,216,inglejo01
229,Brandon Ingram,SF,26,NOP,56,56,1857,452,918,.492,79,220,.359,373,698,.534,.535,232,288,.806,40,240,280,325,45,33,147,128,1215,ingrabr01
230,Kyrie Irving,SG,31,DAL,40,40,1373,389,794,.490,120,286,.420,269,508,.530,.565,129,144,.896,31,174,205,201,48,18,65,75,1027,irvinky01
231,Jonathan Isaac,PF,26,ORL,42,1,620,96,196,.490,21,68,.309,75,128,.586,.543,46,65,.708,52,125,177,19,30,47,22,44,259,isaacjo01
232,Jaden Ivey,SG,21,DET,57,41,1592,300,680,.441,84,251,.335,216,429,.503,.503,174,233,.747,69,130,199,208,39,33,134,161,858,iveyja01
233,Andre Jackson Jr.,SG,22,MIL,48,8,504,46,88,.523,15,40,.375,31,48,.646,.608,8,11,.727,36,58,94,44,14,4,22,82,115,jacksan01
234,GG Jackson II,PF,19,MEM,30,1,621,114,271,.421,49,134,.366,65,137,.474,.511,55,78,.705,31,75,106,22,14,17,32,34,332,jacksgg01
235,Isaiah Jackson,C,22,IND,46,3,631,131,198,.662,0,4,.000,131,194,.675,.662,61,86,.709,72,121,193,40,29,50,35,117,323,jacksis01
236,Jaren Jackson Jr.,C,24,MEM,55,55,1760,427,960,.445,102,315,.324,325,645,.504,.498,286,350,.817,68,240,308,117,60,87,131,194,1242,jacksja02
237,Justin Jackson,SF,28,MIN,2,0,1,0,0,,0,0,,0,0,,,0,0,,0,0,0,0,0,0,0,0,0,jacksju01
238,Reggie Jackson,PG,33,DEN,62,16,1407,254,570,.446,75,212,.354,179,358,.500,.511,52,67,.776,23,101,124,237,34,9,79,113,635,jacksre01
239,Trayce Jackson-Davis,PF,23,GSW,48,3,632,138,198,.697,0,0,,138,198,.697,.697,49,85,.576,81,114,195,44,14,43,31,76,325,jackstr02
240,LeBron James,PF,39,LAL,56,56,1962,535,1013,.528,122,301,.405,413,712,.580,.588,223,301,.741,47,348,395,448,71,33,180,65,1415,jamesle01
241,Jaime Jaquez Jr.,SF,22,MIA,55,17,1620,270,548,.493,49,153,.320,221,395,.559,.537,108,133,.812,70,148,218,142,60,11,90,127,697,jaqueja01
242,DaQuan Jeffries,SG,26,NYK,13,0,34,5,14,.357,1,7,.143,4,7,.571,.393,0,2,.000,0,5,5,2,0,0,1,2,11,jeffrda01
243,Trey Jemison,C,24,TOT,11,5,190,24,45,.533,0,0,,24,45,.533,.533,7,9,.778,18,26,44,8,4,11,11,34,55,jemistr01
244,Ty Jerome,SG,26,CLE,2,0,15,2,4,.500,0,1,.000,2,3,.667,.500,0,0,,1,0,1,3,0,0,1,2,4,jeromty01
245,Isaiah Joe,SG,24,OKC,58,0,1068,164,354,.463,109,261,.418,55,93,.591,.617,34,40,.850,22,109,131,65,35,17,35,67,471,joeis01
246,Cameron Johnson,PF,27,BRK,49,45,1359,243,537,.453,120,303,.396,123,234,.526,.564,68,88,.773,50,166,216,122,41,13,48,92,674,johnsca02
247,Jalen Johnson,SF,22,ATL,48,45,1630,304,582,.522,56,162,.346,248,420,.590,.570,88,121,.727,63,351,414,165,55,43,83,122,752,johnsja05
248,James Johnson,PF,36,IND,6,0,32,2,6,.333,0,1,.000,2,5,.400,.333,2,2,1.000,1,3,4,6,4,1,2,7,6,johnsja01
249,Keldon Johnson,SF,24,SAS,58,26,1717,333,741,.449,103,301,.342,230,440,.523,.519,148,189,.783,79,236,315,173,46,18,88,132,917,johnske04
250,Keon Johnson,SG,21,BRK,4,0,51,7,19,.368,4,9,.444,3,10,.300,.474,10,10,1.000,3,2,5,3,3,1,4,4,28,johnske07
251,Keyontae Johnson,SF,23,OKC,9,0,66,5,16,.313,1,3,.333,4,13,.308,.344,0,0,,4,6,10,4,1,0,4,5,11,johnske08
252,Nikola Jokić,C,28,DEN,60,60,2050,611,1055,.579,64,183,.350,547,872,.627,.609,270,330,.818,172,566,738,549,72,55,179,154,1556,jokicni01
253,Colby Jones,SG,21,SAC,17,0,121,17,46,.370,1,13,.077,16,33,.485,.380,2,5,.400,10,15,25,10,4,1,5,16,37,jonesco02
254,Damian Jones,C,28,CLE,26,0,161,18,33,.545,2,7,.286,16,26,.615,.576,10,11,.909,10,25,35,12,3,11,9,17,48,jonesda03
255,Derrick Jones Jr.,SF,26,DAL,57,47,1367,187,382,.490,68,191,.356,119,191,.623,.579,72,100,.720,62,139,201,55,41,39,51,93,514,jonesde02
256,Herbert Jones,SF,25,NOP,57,57,1671,233,452,.515,89,204,.436,144,248,.581,.614,98,115,.852,62,144,206,140,74,44,67,166,653,joneshe01
257,Mason Jones,SG,25,SAC,1,0,13,0,3,.000,0,2,.000,0,1,.000,.000,1,2,.500,1,3,4,4,0,0,0,0,1,jonesma05
258,Tre Jones,PG,24,SAS,57,28,1500,215,425,.506,41,131,.313,174,294,.592,.554,77,88,.875,39,148,187,333,54,7,82,68,548,jonestr01
259,Tyus Jones,PG,27,WAS,62,62,1808,312,630,.495,100,237,.422,212,393,.539,.575,30,38,.789,20,150,170,448,69,17,61,46,754,jonesty01
260,DeAndre Jordan,C,35,DEN,29,1,327,48,76,.632,0,0,,48,76,.632,.632,22,49,.449,48,84,132,20,5,13,19,48,118,jordade01
261,Cory Joseph,PG,32,GSW,26,0,296,23,64,.359,13,42,.310,10,22,.455,.461,4,7,.571,6,24,30,42,4,3,12,25,63,josepco01
262,Nikola Jović,PF,20,MIA,27,19,465,59,134,.440,32,71,.451,27,63,.429,.560,15,28,.536,18,92,110,51,12,8,25,49,165,jovicni01
263,Johnny Juzang,SG,22,UTA,5,0,49,5,17,.294,2,12,.167,3,5,.600,.353,0,0,,2,5,7,3,0,0,1,2,12,juzanjo01
264,Luke Kennard,SG,27,MEM,32,15,799,115,250,.460,88,191,.461,27,59,.458,.636,38,43,.884,9,80,89,97,15,1,37,34,356,kennalu01
265,Walker Kessler,C,22,UTA,51,17,1189,191,293,.652,4,19,.211,187,274,.682,.659,46,81,.568,130,249,379,44,26,138,53,109,432,kesslwa01
266,Braxton Key,SF,26,DEN,17,0,55,6,16,.375,1,4,.250,5,12,.417,.406,4,6,.667,3,11,14,8,2,1,1,5,17,keybr01
267,Corey Kispert,SF,24,WAS,60,3,1360,263,551,.477,122,336,.363,141,215,.656,.588,82,107,.766,19,132,151,103,26,11,70,99,730,kispeco01
268,Maxi Kleber,C,32,DAL,25,7,550,43,101,.426,20,61,.328,23,40,.575,.525,19,29,.655,17,70,87,42,8,16,20,51,125,klebima01
269,Kevin Knox,SF,24,DET,31,11,560,86,186,.462,31,94,.330,55,92,.598,.546,20,22,.909,18,57,75,23,13,7,22,50,223,knoxke01
270,John Konchar,SF,27,MEM,48,17,953,73,173,.422,30,99,.303,43,74,.581,.509,17,20,.850,58,151,209,87,41,46,34,63,193,konchjo01
271,Furkan Korkmaz,SG,26,PHI,35,0,300,30,76,.395,14,40,.350,16,36,.444,.487,14,20,.700,4,26,30,25,14,3,10,17,88,korkmfu01
272,Luke Kornet,C,28,BOS,44,2,642,91,132,.689,0,0,,91,132,.689,.689,31,35,.886,78,90,168,37,16,43,17,61,213,kornelu01
273,Vit Krejci,PG,23,ATL,2,0,6,0,0,,0,0,,0,0,,,0,0,,0,0,0,0,0,0,0,1,0,krejcvi01
274,Jonathan Kuminga,PF,21,GSW,60,34,1538,360,678,.531,42,138,.304,318,540,.589,.562,176,241,.730,79,206,285,125,41,30,96,127,938,kuminjo01
275,Kyle Kuzma,PF,28,WAS,60,60,1917,523,1132,.462,140,407,.344,383,725,.528,.524,149,193,.772,59,332,391,245,30,42,156,129,1335,kuzmaky01
276,Jock Landale,C,28,HOU,36,0,322,31,82,.378,2,19,.105,29,63,.460,.390,19,24,.792,47,38,85,22,9,13,12,35,83,landajo01
277,Jake LaRavia,PF,22,MEM,18,0,286,40,108,.370,12,51,.235,28,57,.491,.426,26,34,.765,22,35,57,17,7,6,15,33,118,laravja01
278,Zach LaVine,SG,28,CHI,25,23,872,170,376,.452,59,169,.349,111,207,.536,.531,88,103,.854,8,121,129,98,21,8,52,57,487,lavinza01
279,A.J. Lawson,SG,23,DAL,29,0,233,41,86,.477,13,40,.325,28,46,.609,.552,12,19,.632,12,21,33,13,9,3,10,19,107,lawsoaj01
280,Saben Lee,PG,24,PHO,19,0,158,18,45,.400,2,13,.154,16,32,.500,.422,28,37,.757,8,21,29,25,7,3,7,10,66,leesa01
281,Alex Len,C,30,SAC,27,0,237,31,54,.574,0,3,.000,31,51,.608,.574,7,17,.412,32,48,80,23,8,15,17,32,69,lenal01
282,Kawhi Leonard,SF,32,LAC,56,56,1933,507,970,.523,123,288,.427,384,682,.563,.586,212,238,.891,68,278,346,210,98,47,94,84,1349,leonaka01
283,Caris LeVert,SG,29,CLE,50,1,1394,255,615,.415,83,252,.329,172,363,.474,.482,105,139,.755,27,165,192,237,47,23,77,88,698,leverca01
284,Kira Lewis Jr.,PG,22,TOT,19,0,153,17,54,.315,2,21,.095,15,33,.455,.333,10,11,.909,5,10,15,21,6,1,8,9,46,lewiski01
285,Maxwell Lewis,SF,21,LAL,22,0,74,3,12,.250,1,3,.333,2,9,.222,.292,0,0,,1,2,3,3,2,0,7,4,7,lewisma05
286,E.J. Liddell,PF,23,NOP,8,0,23,1,6,.167,0,5,.000,1,1,1.000,.167,2,2,1.000,0,5,5,1,2,2,2,2,4,liddeej01
287,Damian Lillard,PG,33,MIL,58,58,2024,427,1009,.423,173,494,.350,254,515,.493,.509,391,422,.927,30,220,250,388,61,12,151,103,1418,lillada01
288,Nassir Little,SF,23,PHO,34,2,426,49,107,.458,19,60,.317,30,47,.638,.547,17,20,.850,14,57,71,19,10,10,13,37,134,littlna01
289,Dereck Lively II,C,19,DAL,44,42,1085,174,234,.744,0,2,.000,174,232,.750,.744,37,70,.529,117,197,314,51,31,65,44,125,385,livelde01
290,Isaiah Livers,PF,25,DET,23,6,469,40,116,.345,22,77,.286,18,39,.462,.440,12,18,.667,15,33,48,25,13,5,16,43,114,liveris01
291,Chris Livingston,SF,20,MIL,16,0,69,7,16,.438,1,3,.333,6,13,.462,.469,2,2,1.000,2,13,15,5,2,0,4,11,17,livinch01
292,Kenneth Lofton Jr.,PF,21,TOT,17,0,108,15,43,.349,3,12,.250,12,31,.387,.384,8,15,.533,2,16,18,14,3,3,8,15,41,loftoke01
293,Kevon Looney,C,27,GSW,61,36,1033,116,195,.595,0,1,.000,116,194,.598,.595,46,68,.676,125,236,361,123,24,22,44,132,278,looneke01
294,Brook Lopez,C,35,MIL,60,60,1869,282,593,.476,108,312,.346,174,281,.619,.567,83,101,.822,90,232,322,100,37,158,54,148,755,lopezbr01
295,Robin Lopez,C,35,MIL,16,2,65,7,19,.368,2,8,.250,5,11,.455,.421,2,2,1.000,3,2,5,4,1,3,2,7,18,lopezro01
296,Kevin Love,PF,35,MIA,47,5,822,135,305,.443,74,212,.349,61,93,.656,.564,81,104,.779,50,242,292,105,16,9,38,85,425,loveke01
297,Kyle Lowry,PG,37,TOT,43,38,1212,121,281,.431,72,184,.391,49,97,.505,.559,43,50,.860,29,120,149,181,45,16,62,108,357,lowryky01
298,Seth Lundy,SF,23,ATL,9,0,52,4,17,.235,3,13,.231,1,4,.250,.324,3,4,.750,1,6,7,0,0,0,1,6,14,lundyse01
299,Trey Lyles,PF,28,SAC,46,0,922,114,252,.452,68,176,.386,46,76,.605,.587,39,57,.684,45,160,205,53,13,14,30,74,335,lylestr01
300,Théo Maledon,PG,22,TOT,17,1,213,20,70,.286,5,30,.167,15,40,.375,.321,14,15,.933,4,20,24,28,7,0,18,21,59,maledth01
301,Sandro Mamukelashvili,C,24,SAS,33,0,213,31,71,.437,8,34,.235,23,37,.622,.493,12,17,.706,19,37,56,28,6,8,8,22,82,mamuksa01
302,Terance Mann,SG,27,LAC,55,51,1388,173,351,.493,50,151,.331,123,200,.615,.564,51,64,.797,69,121,190,98,28,11,34,103,447,mannte01
303,Tre Mann,PG,22,TOT,24,11,454,68,148,.459,25,61,.410,43,87,.494,.544,16,20,.800,9,72,81,72,21,0,26,25,177,manntr01
304,Boban Marjanović,C,35,HOU,9,0,48,10,21,.476,0,2,.000,10,19,.526,.476,3,6,.500,6,16,22,4,0,1,2,4,23,marjabo01
305,Lauri Markkanen,PF,26,UTA,51,51,1677,395,818,.483,164,409,.401,231,409,.565,.583,222,250,.888,115,306,421,103,44,24,67,95,1176,markkla01
306,Naji Marshall,SF,26,NOP,50,1,946,124,276,.449,41,112,.366,83,164,.506,.524,62,79,.785,47,132,179,102,36,10,54,72,351,marshna01
307,Caleb Martin,SF,28,MIA,44,19,1187,173,379,.456,57,145,.393,116,234,.496,.532,56,72,.778,53,152,205,92,32,17,53,91,459,martica02
308,Cody Martin,SF,28,CHO,28,22,753,82,215,.381,27,86,.314,55,129,.426,.444,20,33,.606,19,90,109,104,32,18,44,48,211,martico01
309,KJ Martin,SF,23,TOT,45,2,520,70,124,.565,6,21,.286,64,103,.621,.589,16,31,.516,21,63,84,34,18,7,23,71,162,martike04
310,Garrison Mathews,SG,27,ATL,46,4,593,50,116,.431,45,106,.425,5,10,.500,.625,13,18,.722,12,49,61,20,11,4,15,73,158,mathega01
311,Bennedict Mathurin,SF,21,IND,59,19,1538,296,663,.446,80,214,.374,216,449,.481,.507,184,224,.821,60,174,234,119,35,14,97,117,856,mathube01
312,Wesley Matthews,SG,37,ATL,22,1,246,15,48,.313,10,37,.270,5,11,.455,.417,14,20,.700,4,29,33,13,10,6,6,29,54,matthwe02
313,Tyrese Maxey,PG,23,PHI,55,55,2056,497,1108,.449,168,445,.378,329,663,.496,.524,269,309,.871,31,175,206,345,56,27,94,121,1431,maxeyty01
314,Skylar Mays,PG-SG,26,TOT,31,5,419,62,156,.397,16,54,.296,46,102,.451,.449,13,17,.765,10,32,42,83,17,4,19,25,153,mayssk01
315,Miles McBride,PG,23,NYK,49,5,722,117,270,.433,60,152,.395,57,118,.483,.544,22,27,.815,15,37,52,67,30,5,18,63,316,mcbrimi01
316,CJ McCollum,PG,32,NOP,46,46,1443,311,681,.457,155,367,.422,156,314,.497,.570,81,102,.794,26,172,198,205,48,34,70,96,858,mccolcj01
317,T.J. McConnell,PG,31,IND,52,4,918,209,378,.553,7,23,.304,202,355,.569,.562,37,48,.771,29,110,139,288,54,5,76,56,462,mccontj01
318,Jaden McDaniels,SF,23,MIN,52,51,1510,221,438,.505,64,178,.360,157,260,.604,.578,38,51,.745,39,104,143,70,45,30,66,160,544,mcdanja02
319,Jalen McDaniels,SF,26,TOR,35,0,300,35,107,.327,11,54,.204,24,53,.453,.379,14,20,.700,9,33,42,17,11,3,18,30,95,mcdanja01
320,Doug McDermott,SF,32,TOT,52,0,766,102,239,.427,80,193,.415,22,46,.478,.594,11,19,.579,9,42,51,61,11,2,25,51,295,mcderdo01
321,JaVale McGee,C,36,SAC,39,0,310,73,116,.629,0,4,.000,73,112,.652,.629,25,43,.581,37,75,112,14,9,19,31,44,171,mcgeeja01
322,Bryce McGowens,SG,21,CHO,49,13,779,88,192,.458,30,87,.345,58,105,.552,.536,51,67,.761,16,74,90,46,19,7,26,69,257,mcgowbr01
323,Jordan McLaughlin,PG,27,MIN,37,0,329,36,85,.424,21,49,.429,15,36,.417,.547,4,8,.500,10,28,38,63,25,6,13,20,97,mclaujo01
324,De'Anthony Melton,SG,25,PHI,36,33,1002,136,348,.391,75,207,.362,61,141,.433,.499,66,79,.835,27,110,137,110,56,16,39,82,413,meltode01
325,Nathan Mensah,C,25,CHO,25,0,307,12,28,.429,0,0,,12,28,.429,.429,9,12,.750,29,36,65,9,6,14,14,64,33,mensana01
326,Sam Merrill,SG,27,CLE,44,1,710,116,275,.422,102,242,.421,14,33,.424,.607,12,13,.923,17,69,86,67,15,1,12,48,346,merrisa01
327,Chimezie Metu,C,26,PHO,37,5,447,66,130,.508,15,51,.294,51,79,.646,.565,38,43,.884,24,86,110,19,19,9,27,39,185,metuch01
328,Vasilije Micić,PG,30,TOT,41,2,619,79,190,.416,19,78,.244,60,112,.536,.466,30,38,.789,7,37,44,139,17,3,52,37,207,micicva01
329,Khris Middleton,SF,32,MIL,43,43,1129,242,497,.487,73,193,.378,169,304,.556,.560,79,95,.832,26,158,184,216,38,13,89,104,636,middlkh01
330,Brandon Miller,SF,21,CHO,55,49,1762,347,788,.440,130,342,.380,217,446,.487,.523,97,117,.829,47,182,229,130,50,29,100,140,921,millebr02
331,Jordan Miller,SF,24,LAC,5,0,21,4,6,.667,1,1,1.000,3,5,.600,.750,2,2,1.000,2,2,4,0,0,0,1,2,11,millejo02
332,Leonard Miller,SF,20,MIN,7,0,26,7,11,.636,1,3,.333,6,8,.750,.682,0,0,,1,9,10,3,1,1,1,3,15,millele01
333,Dariq Whitehead,SF,19,BRK,2,0,24,1,5,.200,0,3,.000,1,2,.500,.200,1,2,.500,0,4,4,3,0,1,0,0,3,whiteda01
334,Patty Mills,PG,35,ATL,19,0,202,19,51,.373,13,34,.382,6,17,.353,.500,0,0,,5,15,20,14,9,1,8,17,51,millspa02
335,Shake Milton,SG,27,TOT,42,0,554,75,186,.403,17,62,.274,58,124,.468,.449,38,47,.809,14,55,69,56,18,6,31,47,205,miltosh01
336,Justin Minaya,SF,24,POR,20,0,161,7,28,.250,4,19,.211,3,9,.333,.321,3,6,.500,10,11,21,8,5,5,5,11,21,minayju01
337,Josh Minott,SF,21,MIN,21,0,62,10,21,.476,1,6,.167,9,15,.600,.500,12,14,.857,3,9,12,3,3,3,2,7,33,minotjo01
338,Davion Mitchell,PG,25,SAC,51,4,686,84,187,.449,32,94,.340,52,93,.559,.535,20,27,.741,8,46,54,87,11,3,29,64,220,mitchda01
339,Donovan Mitchell,SG,27,CLE,47,47,1679,454,961,.472,159,428,.371,295,533,.553,.555,248,288,.861,42,212,254,290,85,24,137,106,1315,mitchdo01
340,Evan Mobley,PF,22,CLE,38,38,1183,247,427,.578,11,35,.314,236,392,.602,.591,88,125,.704,92,296,388,116,34,59,73,108,593,mobleev01
341,Isaiah Mobley,PF,24,CLE,3,0,14,2,4,.500,1,2,.500,1,2,.500,.625,0,0,,0,2,2,4,1,0,1,2,5,mobleis01
342,Malik Monk,SG,25,SAC,60,0,1566,332,736,.451,134,357,.375,198,379,.522,.542,135,167,.808,22,149,171,317,38,36,127,123,933,monkma01
343,Moses Moody,SG,21,GSW,47,8,826,142,304,.467,50,143,.350,92,161,.571,.549,49,63,.778,48,95,143,37,32,19,32,56,383,moodymo01
344,Xavier Moon,SG,29,LAC,2,0,12,1,2,.500,0,1,.000,1,1,1.000,.500,0,0,,0,2,2,3,0,0,1,1,2,moonxa01
345,Taze Moore,SG,25,POR,3,0,10,3,5,.600,0,2,.000,3,3,1.000,.600,0,0,,0,0,0,1,1,0,1,2,6,mooreta02
346,Wendell Moore Jr.,SG,22,MIN,14,0,44,5,10,.500,0,4,.000,5,6,.833,.500,0,0,,0,6,6,2,5,1,3,4,10,moorewe01
347,Ja Morant,PG,24,MEM,9,9,318,80,170,.471,14,51,.275,66,119,.555,.512,52,64,.813,6,44,50,73,7,5,27,19,226,moranja01
348,Marcus Morris,PF,34,PHI,37,7,637,90,205,.439,36,90,.400,54,115,.470,.527,31,36,.861,18,91,109,26,13,11,19,61,247,morrima03
349,Markieff Morris,PF,34,DAL,18,1,160,16,49,.327,10,30,.333,6,19,.316,.429,3,4,.750,4,26,30,11,5,1,9,11,45,morrima02
350,Monte Morris,PG,28,TOT,16,0,235,33,89,.371,11,36,.306,22,53,.415,.433,6,9,.667,5,23,28,38,8,3,4,6,83,morrimo01
351,Trey Murphy III,SF,23,NOP,37,10,1000,169,385,.439,105,279,.376,64,106,.604,.575,64,85,.753,24,131,155,67,32,19,16,46,507,murphtr02
352,Dejounte Murray,SG,27,ATL,59,59,2069,486,1051,.462,131,371,.353,355,680,.522,.525,165,204,.809,43,269,312,337,76,19,136,99,1268,murrade01
353,Jamal Murray,PG,26,DEN,46,46,1452,364,760,.479,110,264,.417,254,496,.512,.551,117,137,.854,31,151,182,298,38,30,97,83,955,murraja01
354,Keegan Murray,SF,23,SAC,57,57,1878,324,697,.465,126,350,.360,198,347,.571,.555,77,93,.828,72,227,299,95,62,40,50,156,851,murrake02
355,Kris Murray,SF,23,POR,41,8,665,70,173,.405,23,84,.274,47,89,.528,.471,18,29,.621,37,65,102,38,35,8,26,48,181,murrakr01
356,Mike Muscala,C,32,TOT,38,6,520,50,139,.360,28,88,.318,22,51,.431,.460,17,24,.708,32,75,107,32,8,12,18,44,145,muscami01
357,Svi Mykhailiuk,SF,26,BOS,26,0,206,26,74,.351,19,59,.322,7,15,.467,.480,3,6,.500,8,18,26,14,8,0,8,12,74,mykhasv01
358,Larry Nance Jr.,C,31,NOP,44,0,808,93,158,.589,20,47,.426,73,111,.658,.652,28,39,.718,65,162,227,69,40,17,39,67,234,nancela02
359,Pete Nance,PF,23,CLE,2,0,4,0,2,.000,0,0,,0,2,.000,.000,0,0,,0,0,0,0,0,0,0,0,0,nancepe01
360,Andrew Nembhard,PG,24,IND,49,28,1157,189,383,.493,41,114,.360,148,269,.550,.547,30,38,.789,28,66,94,211,48,4,80,95,449,nembhan01
361,Aaron Nesmith,SF,24,IND,54,29,1451,240,468,.513,111,248,.448,129,220,.586,.631,72,102,.706,48,155,203,79,55,34,52,178,663,nesmiaa01
362,Georges Niang,PF,30,CLE,62,2,1326,198,457,.433,103,285,.361,95,172,.552,.546,37,45,.822,19,199,218,74,17,12,49,142,536,niangge01
363,Daishen Nix,PG,21,MIN,10,0,35,8,19,.421,5,13,.385,3,6,.500,.553,1,4,.250,0,1,1,2,2,0,1,1,22,nixda01
364,Zeke Nnaji,PF,23,DEN,47,0,459,55,128,.430,5,21,.238,50,107,.467,.449,39,55,.709,55,48,103,26,12,31,27,67,154,nnajize01
365,Jaylen Nowell,SG,24,MEM,9,1,156,22,55,.400,4,23,.174,18,32,.563,.436,3,3,1.000,3,11,14,16,3,0,5,13,51,nowelja01
366,Markquis Nowell,SG,24,TOR,1,0,4,0,1,.000,0,0,,0,1,.000,.000,2,2,1.000,2,0,2,2,1,0,0,0,2,nowelma01
367,Frank Ntilikina,PG,25,CHO,5,0,43,1,9,.111,1,8,.125,0,1,.000,.167,2,2,1.000,1,5,6,4,0,0,1,4,5,ntilila01
368,Jusuf Nurkić,C,29,PHO,58,58,1580,263,510,.516,21,87,.241,242,423,.572,.536,135,202,.668,162,461,623,220,59,61,128,196,682,nurkiju01
369,Jordan Nwora,SF,25,TOT,33,1,364,66,157,.420,22,70,.314,44,87,.506,.490,28,32,.875,17,53,70,35,12,4,20,35,182,nworajo01
370,Royce O'Neale,SF,30,TOT,59,10,1487,160,412,.388,123,330,.373,37,82,.451,.538,21,31,.677,46,236,282,172,47,36,59,142,464,onealro01
371,Chuma Okeke,SF,25,ORL,37,8,392,38,101,.376,23,74,.311,15,27,.556,.490,2,5,.400,18,55,73,18,8,7,12,19,101,okekech01
372,Josh Okogie,SG,25,PHO,54,11,926,83,199,.417,27,91,.297,56,108,.519,.485,74,100,.740,71,77,148,62,47,22,33,65,267,okogijo01
373,Onyeka Okongwu,C,23,ATL,53,8,1367,214,351,.610,22,65,.338,192,286,.671,.641,92,115,.800,143,226,369,71,23,59,45,158,542,okongon01
374,Isaac Okoro,SF,23,CLE,53,30,1406,187,373,.501,65,163,.399,122,210,.581,.588,75,109,.688,55,104,159,107,46,28,41,104,514,okorois01
375,Kelly Olynyk,C,32,TOT,60,9,1233,178,330,.539,42,106,.396,136,224,.607,.603,109,129,.845,78,220,298,252,53,19,94,159,507,olynyke01
376,Eugene Omoruyi,SF,26,WAS,30,0,227,51,104,.490,6,26,.231,45,78,.577,.519,24,33,.727,25,36,61,23,19,1,15,41,132,omorueu01
377,Cedi Osman,SF,28,SAS,62,1,1093,157,331,.474,71,189,.376,86,142,.606,.582,34,50,.680,23,132,155,107,33,9,42,90,419,osmande01
378,Kelly Oubre Jr.,SF,28,PHI,49,33,1427,261,579,.451,68,223,.305,193,356,.542,.509,115,153,.752,63,158,221,59,57,26,52,146,705,oubreke01
379,Chris Paul,PG,38,GSW,37,11,995,118,280,.421,53,142,.373,65,138,.471,.516,38,46,.826,11,127,138,263,49,3,45,65,327,paulch01
380,Cameron Payne,PG,29,TOT,58,5,925,144,326,.442,71,183,.388,73,143,.510,.551,50,58,.862,12,69,81,144,27,5,41,91,409,payneca01
381,Gary Payton II,SG,31,GSW,27,0,424,68,126,.540,14,40,.350,54,86,.628,.595,9,14,.643,33,48,81,26,29,10,16,44,159,paytoga02
382,Drew Peterson,PF,24,BOS,1,0,3,1,1,1.000,1,1,1.000,0,0,,1.500,0,0,,0,0,0,1,0,0,0,1,3,peterdr01
383,Filip Petrušev,C,23,TOT,3,0,10,1,2,.500,0,0,,1,2,.500,.500,1,2,.500,0,1,1,0,0,0,0,1,3,petrufi01
384,Julian Phillips,SF,20,CHI,36,0,274,28,65,.431,9,31,.290,19,34,.559,.500,10,16,.625,10,22,32,13,4,6,9,36,75,phillju01
385,Jalen Pickett,SG,24,DEN,20,0,107,12,30,.400,7,22,.318,5,8,.625,.517,3,4,.750,1,10,11,14,3,0,7,11,34,pickeja02
386,Scotty Pippen Jr.,PG,23,MEM,8,4,181,28,59,.475,13,23,.565,15,36,.417,.585,15,21,.714,8,19,27,36,8,4,15,21,84,pippesc02
387,Mason Plumlee,C,33,LAC,28,9,477,65,100,.650,0,0,,65,100,.650,.650,48,72,.667,42,122,164,33,10,12,21,46,178,plumlma01
388,Brandin Podziemski,SG,20,GSW,53,20,1418,203,450,.451,66,180,.367,137,270,.507,.524,38,62,.613,81,226,307,205,44,10,67,94,510,podzibr01
389,Jakob Poeltl,C,28,TOR,50,50,1319,248,378,.656,0,0,,248,378,.656,.656,59,107,.551,146,283,429,127,35,76,77,149,555,poeltja01
390,Aleksej Pokusevski,PF,22,OKC,10,0,60,4,16,.250,2,11,.182,2,5,.400,.313,2,4,.500,2,8,10,5,1,1,3,5,12,pokusal01
391,Jordan Poole,SG,24,WAS,60,52,1761,359,882,.407,130,409,.318,229,473,.484,.481,155,179,.866,22,129,151,224,66,20,135,197,1003,poolejo01
392,Craig Porter Jr.,PG,23,CLE,38,5,519,95,187,.508,7,23,.304,88,164,.537,.527,35,49,.714,18,72,90,98,19,12,35,33,232,portecr01
393,Jontay Porter,PF,24,TOR,19,5,244,28,76,.368,13,41,.317,15,35,.429,.454,11,12,.917,17,41,58,34,12,12,14,30,80,portejo01
394,Michael Porter Jr.,SF,25,DEN,61,61,1945,391,814,.480,169,427,.396,222,387,.574,.584,64,78,.821,82,354,436,90,30,44,69,116,1015,portemi01
395,Otto Porter Jr.,SF,30,TOR,15,1,174,14,33,.424,8,23,.348,6,10,.600,.545,3,3,1.000,6,23,29,8,5,5,2,19,39,porteot01
396,Bobby Portis,PF,28,MIL,63,1,1511,338,674,.501,75,194,.387,263,480,.548,.557,83,105,.790,102,344,446,75,47,24,64,151,834,portibo01
397,Kristaps Porziņģis,C,28,BOS,45,45,1335,306,583,.525,87,230,.378,219,353,.620,.599,217,252,.861,73,239,312,88,28,83,71,124,916,porzikr01
398,Micah Potter,PF,25,UTA,2,0,7,0,1,.000,0,1,.000,0,0,,.000,0,0,,0,4,4,0,0,0,0,0,0,pottemi01
399,Dwight Powell,C,32,DAL,51,8,736,67,95,.705,1,2,.500,66,93,.710,.711,60,83,.723,81,101,182,75,23,19,28,100,195,poweldw01
400,Norman Powell,SG,30,LAC,60,1,1547,291,592,.492,133,294,.452,158,298,.530,.604,100,122,.820,10,144,154,63,34,20,52,108,815,powelno01
401,Jason Preston,PG,24,UTA,1,0,1,0,0,,0,0,,0,0,,,0,0,,1,0,1,0,0,0,1,0,0,prestja01
402,Joshua Primo,SG,21,LAC,2,0,10,1,3,.333,0,1,.000,1,2,.500,.333,0,0,,1,0,1,0,0,1,4,0,2,primojo01
403,Taurean Prince,PF,29,LAL,61,49,1755,203,465,.437,116,297,.391,87,168,.518,.561,38,53,.717,14,165,179,101,49,29,56,127,560,princta02
404,Payton Pritchard,PG,26,BOS,61,0,1245,179,405,.442,103,270,.381,76,135,.563,.569,30,37,.811,53,141,194,165,27,6,41,78,491,pritcpa01
405,Olivier-Maxence Prosper,PF,21,DAL,33,0,260,26,74,.351,8,34,.235,18,40,.450,.405,23,34,.676,18,44,62,19,5,3,5,17,83,prospol01
406,Trevelin Queen,SG,26,ORL,13,0,163,14,38,.368,3,17,.176,11,21,.524,.408,9,12,.750,3,16,19,18,7,5,7,15,40,queentr01
407,Neemias Queta,C,24,BOS,23,0,283,49,80,.613,0,0,,49,80,.613,.613,15,20,.750,44,58,102,11,10,14,9,45,113,quetane01
408,Immanuel Quickley,SG-PG,24,TOT,57,27,1608,313,722,.434,144,352,.409,169,370,.457,.533,150,177,.847,14,185,199,238,38,8,71,95,920,quickim01
409,Lester Quinones,SG,23,GSW,27,0,345,46,115,.400,26,70,.371,20,45,.444,.513,17,25,.680,20,46,66,29,6,2,16,39,135,quinole01
410,Jahmi'us Ramsey,SG,22,TOR,1,0,5,1,3,.333,0,1,.000,1,2,.500,.333,0,0,,1,1,2,1,0,0,0,0,2,ramseja01
411,Julius Randle,PF,29,NYK,46,46,1630,395,836,.472,76,244,.311,319,592,.539,.518,236,302,.781,99,324,423,229,25,12,159,125,1102,randlju01
412,Duop Reath,C,27,POR,47,15,851,165,346,.477,64,175,.366,101,171,.591,.569,50,71,.704,72,109,181,50,25,28,39,120,444,reathdu01
413,Austin Reaves,SG,25,LAL,64,39,2015,353,717,.492,115,307,.375,238,410,.580,.573,183,211,.867,43,215,258,355,56,14,137,118,1004,reaveau01
414,Cam Reddish,SF,24,LAL,39,26,871,86,213,.404,34,99,.343,52,114,.456,.484,36,46,.783,22,69,91,47,45,11,31,59,242,reddica01
415,Paul Reed,C,24,PHI,62,23,1143,187,342,.547,14,38,.368,173,304,.569,.567,37,50,.740,138,210,348,79,43,54,44,151,425,reedpa01
416,Naz Reid,C,24,MIN,62,0,1426,285,591,.482,116,283,.410,169,308,.549,.580,75,100,.750,60,240,300,67,42,49,76,124,761,reidna01
417,Jared Rhoden,SG,24,DET,6,0,42,6,11,.545,1,4,.250,5,7,.714,.591,2,2,1.000,1,4,5,4,0,2,3,4,15,rhodeja01
418,Nick Richards,C,26,CHO,52,39,1358,201,291,.691,0,1,.000,201,290,.693,.691,111,152,.730,136,277,413,43,18,66,57,138,513,richani01
419,Josh Richardson,SG,30,MIA,43,6,1103,154,347,.444,66,190,.347,88,157,.561,.539,51,54,.944,18,103,121,105,24,14,36,76,425,richajo01
420,Duncan Robinson,SF,29,MIA,56,24,1581,259,569,.455,157,387,.406,102,182,.560,.593,72,81,.889,12,126,138,170,38,14,76,132,747,robindu01
421,Jerome Robinson,SG,26,GSW,15,0,60,6,22,.273,2,13,.154,4,9,.444,.318,6,10,.600,1,2,3,5,0,3,1,3,20,robinje01
422,Mitchell Robinson,C,25,NYK,21,21,613,58,98,.592,0,0,,58,98,.592,.592,14,38,.368,112,104,216,15,32,27,21,40,130,robinmi01
423,Orlando Robinson,C,23,MIA,27,7,273,33,67,.493,7,14,.500,26,53,.491,.545,18,24,.750,23,55,78,29,7,7,17,35,91,robinor01
424,Jeremiah Robinson-Earl,PF,23,NOP,27,1,261,35,70,.500,12,29,.414,23,41,.561,.586,12,15,.800,17,42,59,11,9,4,12,18,94,robinje02
425,David Roddy,PF,22,TOT,54,13,1139,158,391,.404,48,159,.302,110,232,.474,.465,47,68,.691,51,151,202,76,25,11,55,69,411,roddyda01
426,Ryan Rollins,PG,21,WAS,10,0,66,13,25,.520,2,3,.667,11,22,.500,.560,13,17,.765,2,9,11,11,8,3,7,7,41,rolliry01
427,Derrick Rose,PG,35,MEM,24,7,399,76,165,.461,15,41,.366,61,124,.492,.506,24,27,.889,7,38,45,78,8,2,31,21,191,rosede01
428,Terry Rozier,SG-PG,29,TOT,44,43,1492,323,732,.441,101,300,.337,222,432,.514,.510,144,166,.867,28,147,175,277,43,16,86,76,891,roziete01
429,Rayan Rupert,SG,19,POR,20,0,174,22,59,.373,12,26,.462,10,33,.303,.475,7,10,.700,10,21,31,15,4,0,8,15,63,ruperra01
430,D'Angelo Russell,PG,27,LAL,59,52,1876,381,819,.465,162,391,.414,219,428,.512,.564,119,148,.804,21,151,172,365,51,29,117,123,1043,russeda01
431,Matt Ryan,SF,26,NOP,19,1,349,47,104,.452,40,85,.471,7,19,.368,.644,13,14,.929,6,33,39,16,6,1,18,29,147,ryanma01
432,Domantas Sabonis,C,27,SAC,61,61,2180,489,806,.607,28,68,.412,461,738,.625,.624,203,293,.693,212,609,821,514,54,33,198,191,1209,sabondo01
433,Luka Šamanić,PF,24,UTA,31,2,208,31,85,.365,9,36,.250,22,49,.449,.418,18,22,.818,10,42,52,7,2,5,14,20,89,samanlu01
434,Jermaine Samuels,SF,25,HOU,11,0,53,8,11,.727,0,2,.000,8,9,.889,.727,2,2,1.000,2,9,11,2,1,1,0,4,18,samueje01
435,Adama Sanogo,PF,21,CHI,3,0,11,3,3,1.000,0,0,,3,3,1.000,1.000,2,3,.667,2,4,6,0,0,0,1,0,8,sanogad01
436,Gui Santos,PF,21,GSW,16,0,142,19,39,.487,7,18,.389,12,21,.571,.577,14,15,.933,15,28,43,10,3,2,7,16,59,santogu01
437,Dario Šarić,C,29,GSW,59,9,1063,176,378,.466,73,193,.378,103,185,.557,.562,76,89,.854,71,205,276,141,30,9,73,109,501,saricda01
438,Olivier Sarr,C,24,OKC,14,0,95,11,19,.579,2,6,.333,9,13,.692,.632,10,15,.667,10,25,35,2,0,7,3,18,34,sarrol01
439,Marcus Sasser,PG,23,DET,52,0,852,146,321,.455,59,147,.401,87,174,.500,.547,35,41,.854,7,74,81,158,31,8,52,71,386,sassema01
440,Admiral Schofield,PF,26,ORL,15,0,53,6,16,.375,3,10,.300,3,6,.500,.469,0,2,.000,2,7,9,5,0,0,4,7,15,schofad01
441,Dennis Schröder,PG,30,TOT,62,40,1871,301,686,.439,101,270,.374,200,416,.481,.512,139,170,.818,26,145,171,372,50,11,108,129,842,schrode01
442,Dereon Seabron,SG,23,NOP,6,0,55,4,13,.308,1,2,.500,3,11,.273,.346,5,6,.833,1,6,7,5,2,1,0,4,14,seabrde01
443,Alperen Sengun,C,21,HOU,61,61,1985,513,953,.538,33,111,.297,480,842,.570,.556,239,342,.699,178,396,574,304,73,45,161,205,1298,sengual01
444,Brice Sensabaugh,SF,20,UTA,13,1,139,20,47,.426,10,26,.385,10,21,.476,.532,6,6,1.000,4,19,23,7,1,0,11,14,56,sensabr01
445,Collin Sexton,SG,25,UTA,63,40,1590,386,795,.486,106,262,.405,280,533,.525,.552,268,311,.862,52,108,160,296,50,13,123,123,1146,sextoco01
446,Landry Shamet,SG,26,WAS,45,5,719,118,274,.431,53,157,.338,65,117,.556,.527,38,46,.826,16,46,62,54,25,10,30,75,327,shamela01
447,Day'Ron Sharpe,C,22,BRK,46,1,718,134,230,.583,4,12,.333,130,218,.596,.591,65,106,.613,122,185,307,66,21,35,49,102,337,sharpda01
448,Shaedon Sharpe,SG,20,POR,32,25,1059,176,434,.406,60,180,.333,116,254,.457,.475,98,119,.824,42,118,160,94,28,12,72,88,510,sharpsh01
449,Ben Sheppard,SG,22,IND,38,0,449,54,129,.419,32,89,.360,22,40,.550,.543,14,17,.824,8,46,54,29,21,2,7,55,154,sheppbe01
450,Pascal Siakam,PF,29,TOT,61,61,2073,512,959,.534,72,212,.340,440,747,.589,.571,219,297,.737,97,306,403,287,49,18,115,146,1315,siakapa01
451,Ben Simmons,PG,27,BRK,15,12,359,43,74,.581,0,0,,43,74,.581,.581,6,15,.400,31,88,119,86,12,9,27,36,92,simmobe01
452,Anfernee Simons,SG,24,POR,38,38,1304,303,705,.430,128,334,.383,175,371,.472,.521,134,146,.918,18,120,138,210,17,4,104,85,868,simonan01
453,Jericho Sims,C,25,NYK,35,10,460,35,47,.745,0,0,,35,47,.745,.745,13,20,.650,47,69,116,21,5,15,12,33,83,simsje01
454,Dmytro Skapintsev,C,25,NYK,2,0,2,0,1,.000,0,0,,0,1,.000,.000,0,0,,0,0,0,0,0,0,0,0,0,skapidm01
455,Jalen Slawson,SF,24,SAC,5,0,19,2,3,.667,0,1,.000,2,2,1.000,.667,0,0,,0,4,4,2,0,1,2,3,4,slawsja01
456,Javonte Smart,PG,24,PHI,1,0,1,0,0,,0,0,,0,0,,,0,0,,0,0,0,0,0,0,0,0,0,smartja01
457,Marcus Smart,PG,29,MEM,20,20,605,102,237,.430,42,134,.313,60,103,.583,.519,43,56,.768,6,47,53,86,41,5,62,53,289,smartma01
458,Dennis Smith Jr.,PG,26,BRK,46,1,908,126,294,.429,24,88,.273,102,206,.495,.469,36,50,.720,45,102,147,180,54,12,57,102,312,smithde03
459,Dru Smith,SG,26,MIA,9,0,131,15,33,.455,7,17,.412,8,16,.500,.561,2,2,1.000,6,8,14,14,9,3,5,12,39,smithdr01
460,Ish Smith,PG,35,CHO,43,5,741,66,158,.418,4,8,.500,62,150,.413,.430,3,4,.750,11,65,76,145,17,4,47,49,139,smithis01
461,Jabari Smith Jr.,PF,20,HOU,57,57,1822,277,616,.450,97,272,.357,180,344,.523,.528,109,135,.807,115,371,486,83,39,43,67,154,760,smithja05
462,Jalen Smith,C,23,IND,44,13,779,178,291,.612,47,106,.443,131,185,.708,.692,50,72,.694,73,172,245,45,11,27,37,94,453,smithja04
463,Nick Smith Jr.,SG,19,CHO,37,0,573,88,217,.406,51,113,.451,37,104,.356,.523,11,13,.846,16,38,54,45,7,7,32,45,238,smithni01
464,Terquavion Smith,PG,21,PHI,12,0,69,16,40,.400,12,31,.387,4,9,.444,.550,2,3,.667,0,2,2,10,7,0,4,4,46,smithte01
465,Jeremy Sochan,PF,20,SAS,62,61,1832,279,631,.442,58,176,.330,221,455,.486,.488,90,116,.776,114,269,383,213,47,27,115,142,706,sochaje01
466,Pat Spencer,PG,27,GSW,1,0,2,0,0,,0,0,,0,0,,,0,0,,0,0,0,0,0,0,0,0,0,spencpa01
467,Jaden Springer,SG-PG,21,TOT,37,1,396,48,126,.381,8,39,.205,40,87,.460,.413,28,34,.824,28,34,62,36,25,11,27,51,132,sprinja01
468,Lamar Stevens,PF,26,TOT,29,2,324,69,136,.507,8,19,.421,61,117,.521,.537,20,29,.690,24,58,82,16,11,14,20,32,166,stevela01
469,Isaiah Stewart,PF,22,DET,39,38,1200,161,339,.475,57,151,.377,104,188,.553,.559,57,77,.740,68,198,266,68,14,32,58,92,436,stewais01
470,Julian Strawther,SF,21,DEN,39,0,495,75,200,.375,38,125,.304,37,75,.493,.470,18,25,.720,4,48,52,41,17,7,17,48,206,strawju01
471,Max Strus,SF,27,CLE,60,60,1932,263,638,.412,144,423,.340,119,215,.553,.525,62,79,.785,53,231,284,230,53,28,91,153,732,strusma01
472,Jalen Suggs,SG,22,ORL,58,58,1543,255,554,.460,119,303,.393,136,251,.542,.568,81,107,.757,40,149,189,149,81,34,111,165,710,suggsja01
473,Cole Swider,SF,24,MIA,11,0,55,9,25,.360,5,19,.263,4,6,.667,.460,2,2,1.000,1,3,4,4,1,1,6,2,25,swideco01
474,Jae'Sean Tate,SF,28,HOU,54,9,910,93,198,.470,21,69,.304,72,129,.558,.523,22,32,.688,53,122,175,57,38,10,28,122,229,tateja01
475,Jayson Tatum,PF,25,BOS,58,58,2073,532,1117,.476,181,486,.372,351,631,.556,.557,324,391,.829,49,444,493,278,58,34,144,118,1569,tatumja01
476,Terry Taylor,PF,24,CHI,23,0,161,17,34,.500,2,9,.222,15,25,.600,.529,2,3,.667,15,18,33,7,4,2,7,16,38,taylote01
477,Garrett Temple,SG,37,TOR,16,0,69,8,21,.381,2,9,.222,6,12,.500,.429,5,6,.833,5,6,11,6,3,0,5,6,23,templga01
478,Dalen Terry,SG,21,CHI,40,1,404,33,84,.393,11,46,.239,22,38,.579,.458,18,26,.692,15,52,67,50,15,8,19,52,95,terryda01
479,Daniel Theis,C,31,TOT,46,3,790,121,226,.535,19,51,.373,102,175,.583,.577,31,43,.721,66,116,182,46,18,38,31,104,292,theisda01
480,Cam Thomas,SG,22,BRK,48,33,1431,362,828,.437,96,267,.360,266,561,.474,.495,183,218,.839,18,120,138,128,36,12,85,99,1003,thomaca02
481,Amen Thompson,SF,21,HOU,43,6,839,131,265,.494,7,49,.143,124,216,.574,.508,58,91,.637,78,162,240,99,52,26,61,98,327,thompam01
482,Ausar Thompson,SF,21,DET,61,36,1528,225,461,.488,19,104,.183,206,357,.577,.509,69,115,.600,123,267,390,117,66,58,81,170,538,thompau01
483,Klay Thompson,SF,33,GSW,58,51,1726,346,821,.421,189,500,.378,157,321,.489,.537,95,103,.922,27,175,202,128,33,27,87,103,976,thompkl01
484,Tristan Thompson,C,32,CLE,36,0,446,61,94,.649,0,1,.000,61,93,.656,.649,13,42,.310,59,81,140,40,8,11,23,50,135,thomptr01
485,JT Thor,PF,21,CHO,47,1,595,52,143,.364,19,62,.306,33,81,.407,.430,7,13,.538,39,74,113,18,8,20,12,45,130,thorjt01
486,Matisse Thybulle,SF,26,POR,58,19,1349,112,285,.393,72,211,.341,40,74,.541,.519,22,27,.815,24,94,118,76,104,42,35,85,318,thybuma01
487,Xavier Tillman Sr.,C-PF,25,TOT,37,13,736,93,221,.421,13,55,.236,80,166,.482,.450,20,45,.444,56,106,162,59,43,37,29,63,219,tillmxa01
488,Jacob Toppin,SF,23,NYK,8,0,37,5,9,.556,1,4,.250,4,5,.800,.611,2,2,1.000,3,4,7,3,0,1,1,3,13,toppija01
489,Obi Toppin,PF,25,IND,63,28,1385,257,456,.564,80,199,.402,177,257,.689,.651,61,81,.753,66,175,241,96,33,31,54,113,655,toppiob01
490,Juan Toscano-Anderson,SF,30,SAC,11,0,53,3,12,.250,1,4,.250,2,8,.250,.292,0,0,,4,10,14,4,1,1,2,11,7,toscaju01
491,Karl-Anthony Towns,PF,28,MIN,60,60,1969,472,932,.506,134,317,.423,338,615,.550,.578,250,286,.874,91,413,504,179,43,40,169,198,1328,townska01
492,Gary Trent Jr.,SG,25,TOR,57,27,1536,249,595,.418,137,336,.408,112,259,.432,.534,40,57,.702,16,120,136,85,56,9,37,71,675,trentga02
493,Oscar Tshiebwe,PF,24,IND,8,0,42,10,20,.500,0,0,,10,20,.500,.500,6,8,.750,8,8,16,2,2,1,0,3,26,tshieos01
494,P.J. Tucker,PF,38,TOT,18,3,269,6,20,.300,5,16,.313,1,4,.250,.425,3,3,1.000,17,31,48,8,9,3,5,38,20,tuckepj01
495,Myles Turner,C,27,IND,59,59,1613,368,704,.523,80,241,.332,288,463,.622,.580,202,256,.789,96,322,418,75,33,101,87,185,1018,turnemy01
496,Hunter Tyson,PF,23,DEN,10,0,30,2,10,.200,1,8,.125,1,2,.500,.250,0,0,,1,7,8,1,0,0,2,6,5,tysonhu01
497,Stanley Umude,SG,24,DET,17,0,190,25,52,.481,17,31,.548,8,21,.381,.644,22,24,.917,4,27,31,9,4,5,11,28,89,umudest01
498,Jonas Valančiūnas,C,31,NOP,62,62,1559,332,584,.568,35,96,.365,297,488,.609,.598,134,168,.798,161,428,589,137,25,62,86,174,833,valanjo01
499,Jarred Vanderbilt,PF,24,LAL,29,6,581,59,114,.518,8,27,.296,51,87,.586,.553,24,36,.667,41,97,138,36,36,5,28,43,150,vandeja01
500,Fred VanVleet,PG,29,HOU,55,55,2025,304,743,.409,165,435,.379,139,308,.451,.520,138,162,.852,23,184,207,438,65,47,92,127,911,vanvlfr01
501,Devin Vassell,SG,23,SAS,57,51,1837,410,875,.469,141,379,.372,269,496,.542,.549,139,176,.790,27,196,223,221,59,21,88,58,1100,vassede01
502,Sasha Vezenkov,PF,28,SAC,35,0,440,74,165,.448,38,100,.380,36,65,.554,.564,10,13,.769,30,56,86,15,16,7,11,35,196,vezenal01
503,Gabe Vincent,PG,27,LAL,5,0,127,12,32,.375,2,17,.118,10,15,.667,.406,1,2,.500,2,3,5,15,6,0,2,12,27,vincega01
504,Nikola Vučević,C,33,CHI,57,55,1965,437,922,.474,66,239,.276,371,683,.543,.510,76,91,.835,163,449,612,190,40,47,89,151,1016,vucevni01
505,Dean Wade,PF,27,CLE,53,31,1075,96,230,.417,79,200,.395,17,30,.567,.589,20,26,.769,36,178,214,41,40,24,20,91,291,wadede01
506,Franz Wagner,SF,22,ORL,55,55,1821,417,865,.482,83,273,.304,334,592,.564,.530,205,242,.847,56,249,305,219,56,24,117,128,1122,wagnefr01
507,Moritz Wagner,C,26,ORL,61,1,1126,262,439,.597,29,89,.326,233,350,.666,.630,138,171,.807,96,185,281,73,31,18,74,130,691,wagnemo01
508,Ish Wainright,SF,29,POR,7,0,46,6,18,.333,6,16,.375,0,2,.000,.500,2,2,1.000,0,9,9,0,2,1,1,4,20,wainris01
509,Jabari Walker,SF,21,POR,57,15,1260,179,382,.469,28,106,.264,151,276,.547,.505,96,125,.768,116,252,368,50,35,21,53,133,482,walkeja01
510,Jarace Walker,PF,20,IND,21,0,208,30,76,.395,14,37,.378,16,39,.410,.487,6,7,.857,8,30,38,27,12,9,12,19,80,walkeja02
511,Lonnie Walker IV,SG,25,BRK,42,0,759,170,379,.449,89,207,.430,81,172,.471,.566,39,51,.765,9,81,90,59,29,12,40,59,468,walkelo01
512,Cason Wallace,SG,20,OKC,62,9,1266,159,317,.502,71,173,.410,88,144,.611,.614,23,29,.793,40,101,141,83,49,26,28,97,412,wallaca01
513,Jordan Walsh,SF,19,BOS,4,0,33,1,5,.200,0,3,.000,1,2,.500,.200,0,0,,2,9,11,2,2,1,2,5,2,walshjo01
514,P.J. Washington,PF,25,TOT,54,26,1610,274,614,.446,97,302,.321,177,312,.567,.525,79,111,.712,64,222,286,112,47,40,80,133,724,washipj01
515,TyTy Washington Jr.,PG,22,MIL,5,0,21,1,7,.143,1,3,.333,0,4,.000,.214,0,0,,0,1,1,1,2,0,2,0,3,washity02
516,Yuta Watanabe,SF,29,TOT,34,0,464,41,116,.353,25,85,.294,16,31,.516,.461,10,17,.588,11,43,54,15,12,7,19,39,117,watanyu01
517,Lindy Waters III,SG,26,OKC,26,0,176,24,55,.436,22,51,.431,2,4,.500,.636,0,0,,2,24,26,15,2,4,5,17,70,waterli01
518,Trendon Watford,PF,23,BRK,44,0,511,99,187,.529,14,40,.350,85,147,.578,.567,42,47,.894,36,80,116,55,15,12,31,70,254,watfotr01
519,Peyton Watson,SF,21,DEN,60,4,1094,154,331,.465,40,124,.323,114,207,.551,.526,55,81,.679,40,132,172,62,33,59,45,103,403,watsope01
520,Victor Wembanyama,C,20,SAS,56,56,1610,423,901,.469,94,281,.335,329,620,.531,.522,220,270,.815,121,453,574,192,72,193,194,123,1160,wembavi01
521,Blake Wesley,SG,20,SAS,41,1,536,63,127,.496,4,31,.129,59,96,.615,.512,30,48,.625,11,37,48,106,20,4,32,60,160,weslebl01
522,Russell Westbrook,PG,35,LAC,58,10,1313,257,569,.452,37,138,.268,220,431,.510,.484,90,133,.677,80,214,294,256,65,21,118,103,641,westbru01
523,Coby White,PG,23,CHI,62,62,2283,433,948,.457,179,456,.393,254,492,.516,.551,176,211,.834,34,262,296,329,43,15,135,144,1221,whiteco01
524,Derrick White,SG,29,BOS,57,57,1828,303,646,.469,151,373,.405,152,273,.557,.586,114,127,.898,37,190,227,281,59,71,91,115,871,whitede01
525,Cam Whitmore,SF,19,HOU,36,1,634,162,346,.468,58,159,.365,104,187,.556,.552,55,82,.671,29,106,135,18,22,10,35,47,437,whitmca01
526,Aaron Wiggins,SG,25,OKC,59,0,858,142,249,.570,46,92,.500,96,157,.611,.663,36,46,.783,44,94,138,51,34,10,36,69,366,wiggiaa01
527,Andrew Wiggins,SF,28,GSW,52,41,1402,250,552,.453,60,170,.353,190,382,.497,.507,93,128,.727,80,140,220,90,30,27,64,113,653,wiggian01
528,Lindell Wigginton,PG,25,MIL,3,0,8,2,5,.400,0,2,.000,2,3,.667,.400,2,2,1.000,0,0,0,0,0,0,1,1,6,wiggili01
529,Alondes Williams,SG,24,MIA,2,0,9,0,3,.000,0,2,.000,0,1,.000,.000,0,0,,0,1,1,0,0,0,1,0,0,willial06
530,Brandon Williams,PG,24,DAL,12,0,59,8,22,.364,2,6,.333,6,16,.375,.409,6,11,.545,3,4,7,12,1,1,3,2,24,willibr03
531,Grant Williams,PF,25,TOT,58,34,1568,182,419,.434,97,260,.373,85,159,.535,.550,72,93,.774,63,166,229,106,29,32,75,170,533,willigr01
532,Jalen Williams,PF,22,OKC,56,56,1790,423,784,.540,86,190,.453,337,594,.567,.594,150,184,.815,29,197,226,253,60,29,95,148,1082,willija06
533,Jaylin Williams,C,21,OKC,50,0,628,65,165,.394,38,105,.362,27,60,.450,.509,23,28,.821,27,134,161,67,20,18,20,70,191,willija07
534,Jeenathan Williams,SG,24,HOU,11,0,76,14,30,.467,1,3,.333,13,27,.481,.483,4,7,.571,8,2,10,6,2,0,2,9,33,willije02
535,Kenrich Williams,PF,29,OKC,51,1,726,84,187,.449,39,101,.386,45,86,.523,.553,3,10,.300,37,104,141,62,25,6,20,69,210,willike04
536,Mark Williams,C,22,CHO,19,19,508,98,151,.649,0,0,,98,151,.649,.649,46,64,.719,76,108,184,22,16,20,17,50,242,willima07
537,Patrick Williams,PF,22,CHI,43,30,1174,159,359,.443,59,148,.399,100,211,.474,.525,52,66,.788,46,120,166,66,40,33,57,87,429,willipa01
538,Robert Williams,C,26,POR,6,0,119,17,26,.654,0,0,,17,26,.654,.654,7,9,.778,11,27,38,5,7,7,7,17,41,williro04
539,Vince Williams Jr.,SG,23,MEM,51,32,1400,165,371,.445,76,204,.373,89,167,.533,.547,101,126,.802,59,226,285,169,47,33,86,131,507,willivi01
540,Ziaire Williams,SF,22,MEM,51,15,1038,150,378,.397,58,189,.307,92,189,.487,.474,62,75,.827,35,145,180,75,36,9,66,85,420,willizi02
541,Zion Williamson,PF,23,NOP,51,51,1556,444,771,.576,5,13,.385,439,758,.579,.579,230,335,.687,89,192,281,264,45,28,131,116,1123,willizi01
542,Jalen Wilson,PF,23,BRK,24,1,345,40,90,.444,15,37,.405,25,53,.472,.528,21,23,.913,28,37,65,28,6,1,6,27,116,wilsoja03
543,Dylan Windler,SF,27,TOT,11,0,35,5,11,.455,5,10,.500,0,1,.000,.682,0,0,,0,4,4,7,0,0,0,3,15,windldy01
544,James Wiseman,C,22,DET,42,0,605,107,162,.660,0,2,.000,107,160,.669,.660,31,51,.608,64,112,176,28,7,24,35,89,245,wisemja01
545,Christian Wood,PF,28,LAL,50,1,872,123,264,.466,35,114,.307,88,150,.587,.532,66,94,.702,39,215,254,49,16,33,50,72,347,woodch01
546,Delon Wright,PG,31,TOT,36,1,512,52,131,.397,16,42,.381,36,89,.404,.458,29,35,.829,14,49,63,91,38,9,11,23,149,wrighde01
547,Thaddeus Young,PF,35,TOT,25,6,379,57,93,.613,1,6,.167,56,87,.644,.618,5,14,.357,36,49,85,50,19,3,12,42,120,youngth01
548,Trae Young,PG,25,ATL,51,51,1862,418,982,.426,169,456,.371,249,526,.473,.512,339,396,.856,22,118,140,553,70,11,220,106,1344,youngtr01
549,Omer Yurtseven,C,25,UTA,34,6,313,49,94,.521,4,17,.235,45,77,.584,.543,8,15,.533,45,81,126,16,5,14,25,39,110,yurtsom01
550,Cody Zeller,C,31,NOP,39,0,301,25,60,.417,1,3,.333,24,57,.421,.425,22,36,.611,46,61,107,36,8,5,15,42,73,zelleco01
551,Ivica Zubac,C,26,LAC,49,49,1286,239,369,.648,0,0,,239,369,.648,.648,83,124,.669,146,307,453,66,11,60,58,134,561,zubaciv01
